-- MySQL dump 10.13  Distrib 5.5.46, for debian-linux-gnu (i686)
--
-- Host: localhost    Database: hair
-- ------------------------------------------------------
-- Server version	5.5.46-0ubuntu0.12.04.2

/*!40101 SET @OLD_CHARACTER_SET_CLIENT=@@CHARACTER_SET_CLIENT */;
/*!40101 SET @OLD_CHARACTER_SET_RESULTS=@@CHARACTER_SET_RESULTS */;
/*!40101 SET @OLD_COLLATION_CONNECTION=@@COLLATION_CONNECTION */;
/*!40101 SET NAMES utf8 */;
/*!40103 SET @OLD_TIME_ZONE=@@TIME_ZONE */;
/*!40103 SET TIME_ZONE='+00:00' */;
/*!40014 SET @OLD_UNIQUE_CHECKS=@@UNIQUE_CHECKS, UNIQUE_CHECKS=0 */;
/*!40014 SET @OLD_FOREIGN_KEY_CHECKS=@@FOREIGN_KEY_CHECKS, FOREIGN_KEY_CHECKS=0 */;
/*!40101 SET @OLD_SQL_MODE=@@SQL_MODE, SQL_MODE='NO_AUTO_VALUE_ON_ZERO' */;
/*!40111 SET @OLD_SQL_NOTES=@@SQL_NOTES, SQL_NOTES=0 */;

--
-- Table structure for table `customers`
--

DROP TABLE IF EXISTS `customers`;
/*!40101 SET @saved_cs_client     = @@character_set_client */;
/*!40101 SET character_set_client = utf8 */;
CREATE TABLE `customers` (
  `id` int(11) NOT NULL AUTO_INCREMENT,
  `first_name` varchar(255) DEFAULT NULL,
  `last_name` varchar(255) NOT NULL,
  `email` varchar(255) NOT NULL,
  `address1` varchar(255) NOT NULL,
  `address2` varchar(255) DEFAULT NULL,
  `city` varchar(255) NOT NULL,
  `state` varchar(255) NOT NULL,
  `zip` varchar(255) NOT NULL,
  `stripe_id` varchar(255) DEFAULT NULL,
  `created_at` datetime DEFAULT NULL,
  `updated_at` datetime DEFAULT NULL,
  `country` varchar(255) DEFAULT NULL,
  `shopify_customer_id` int(11) DEFAULT NULL,
  PRIMARY KEY (`id`),
  UNIQUE KEY `index_customers_on_stripe_id` (`stripe_id`)
) ENGINE=InnoDB AUTO_INCREMENT=1890 DEFAULT CHARSET=utf8;
/*!40101 SET character_set_client = @saved_cs_client */;

--
-- Dumping data for table `customers`
--

LOCK TABLES `customers` WRITE;
/*!40000 ALTER TABLE `customers` DISABLE KEYS */;
INSERT INTO `customers` VALUES (963,'Toure ','Brown','toure.brown@gmail.com','14061 Arranwood Lane','','Fishers','not mentioned','46038','shopify14354132181','2015-06-26 22:35:44','2015-08-26 03:08:20','US',839251841),(964,'Lenny','Walls','walls.otb27@gmail.com','18831 Edwards Edge','','San Antonio ','not mentioned','78256','shopify14354132182','2015-06-25 14:06:20','2015-08-26 03:08:20','US',826835265),(965,'Christian','Carroll','christianjcarroll@gmail.com','108 Chaps Way','','North Wales','not mentioned','19454','shopify14354132183','2015-06-25 13:55:28','2015-08-26 03:08:20','US',826782529),(966,'P','Hixon','mytouchbarbershop@gmail.com','1227 Ariana St.','','Lakeland','not mentioned','33803','shopify14354132184','2015-06-22 22:40:43','2015-08-26 03:08:20','US',807910401),(967,'abel','gonzales','gonzalesatx@gmail.com','5500 apple orchard ln','','austin','not mentioned','78744','shopify14354132185','2015-06-22 21:59:52','2015-08-26 03:08:20','US',807649921),(968,'marcos','marrufo','marcos.marrufo@hotmail.com','1394 South Fulton Way Apt. I-206','','Denver','not mentioned','80247','shopify14354132186','2015-06-22 03:09:19','2015-08-26 03:08:21','US',799079489),(969,'Aaron','Young','aayoung1209@gmail.com','6411 Newquay ','','Houston','not mentioned','77085','shopify14354132187','2015-06-20 21:01:19','2015-08-26 03:08:21','US',791326657),(970,'Michael','Shand','cardan_23@hotmail.com','3709 n. rigdewood','','midwest city','not mentioned','73110','shopify14354132188','2015-06-20 19:54:02','2015-08-26 03:08:21','US',791022913),(971,'Edwien','Bravo','edwin.rs@gmail.com','291 Pennsylvania Ave','2nd floor','Paterson','not mentioned','07503','shopify14354132189','2015-06-20 15:57:18','2015-08-26 03:08:21','US',789719425),(972,'Ricardo','OSORIO Jr','Rosoriojr@aol.com','1701 state hill rd','Apt g6','Wyomissing','not mentioned','19610','shopify143541321810','2015-06-20 02:25:33','2015-08-26 03:08:21','US',787785857),(973,'Stephen','Bigard','lilred3@prodigy.net','1226 Ramona Ave','','Spring Valley','not mentioned','91977','shopify143541321811','2015-06-19 20:28:06','2015-08-26 03:08:21','US',786298433),(974,'Teionna','White','teionnawhite@gmail.com','5017 Huntersville Place','','Suffolk','not mentioned','23435','shopify143541321812','2015-06-19 16:25:24','2015-08-26 03:08:21','US',785047553),(975,'Salman','Arif','salmanarif_86@yahoo.co.uk','2403 - 628 Fleet St','','Toronto','not mentioned','M5V1A8','shopify143541321813','2015-06-19 09:51:58','2015-08-26 03:08:21','CA',783517761),(976,'Jhermaine','Sabadlab','jsabadlab@gmail.com','145 A St','','South San Francisco','not mentioned','94080-4413','shopify143541321814','2015-06-19 07:25:25','2015-08-26 03:08:21','US',783260033),(977,'Timothy','Cannon','tcannon1983@gmail.com','1205 Truman Rd','','Suffolk','not mentioned','23434','shopify143541321815','2015-06-19 00:47:54','2015-08-26 03:08:21','US',781824641),(978,'Rick','B Parker','pianoman72@hotmail.com','7436 N Atkins Ave','','Kansas City','not mentioned','64152-2885','shopify143541321816','2015-06-18 00:43:41','2015-08-26 03:08:21','US',772300097),(979,'DENNY','SANCHEZ','dsanchez@atlas933.com','2527 N LAWNDALE','','CHICAGO','not mentioned','60647','shopify143541321817','2015-06-17 22:43:03','2015-08-26 03:08:21','US',771788097),(980,'muhammad y',' abdul ghani','nikmat1984@gmail.com','Blk 102 jurong east st 13 #06-124 ','','Singapore ','not mentioned','600102','shopify143541321918','2015-06-17 13:28:41','2015-08-26 03:08:21','SG',767450625),(981,'Carl ','Bey','cbey177@gmail.com','2300 W. Huntingdon Street','','Philadelphia','not mentioned','19132','shopify143541321919','2015-06-17 12:03:55','2015-08-26 03:08:21','US',767185217),(982,'Jose Luis','Nassar Peters','nassar.guero@gmail.com','Albatroces 138 colonia lomas de las aguilas','','Mexico','not mentioned','01730','shopify143541321920','2015-06-16 16:08:44','2015-08-26 03:08:21','MX',761678913),(983,'Jeremiah','Preston','jayp1_11@hotmail.com','20301 Kearney Hill RD','','Pflugerville','not mentioned','78660','shopify143541321921','2015-06-16 12:58:34','2015-08-26 03:08:21','US',760837697),(984,'Tony','Gaines','hottermuzick@gmail.com','101 Leaf Lake Blvd','1603','Birmingham','not mentioned','35211','shopify143541321922','2015-06-16 04:33:06','2015-08-26 03:08:21','US',759689153),(985,'DIEGO','FONSECA','diego_lordoftrance@hotmail.com','AV. PEDRO BOTESI, 2555','BLOCO 82, APTO 101','MOGI MIRIM','not mentioned','13806635','shopify143541321923','2015-06-15 19:23:41','2015-08-26 03:08:21','BR',757001729),(986,'rob','morgan','smempho@yahoo.com','10198 Bloomsbury Ave','','Cordova','not mentioned','38016','shopify143541321924','2015-06-15 15:51:26','2015-08-26 03:08:21','US',755833473),(987,'Robert','Franklin','Robertfranklin@gmail.com','557 sweetgum bottom rd','','Meridian','not mentioned','39301','shopify143541321925','2015-06-15 04:02:32','2015-08-26 03:08:21','US',753844865),(988,'tony','white','tonywhite328@gmail.com','500 west oak','1','Carbondale','not mentioned','62901','shopify143541321926','2015-06-15 02:56:34','2015-08-26 03:08:21','US',753611905),(989,'Melvin','Moss','mmoss@mossint.com','1287 Wentworth Dr','','Gallatin','not mentioned','37066','shopify143541321927','2015-06-15 01:47:15','2015-08-26 03:08:21','US',753318529),(990,'Justin','Keegan','chefjkangc@theargyle.com','6705 Alpine Crest','','Live Oak','not mentioned','78233','shopify143541321928','2015-06-14 19:41:17','2015-08-26 03:08:21','US',751633217),(991,'Michael','Robinson','mikerob7734@gmail.com','1400 n. state highway 360 ','812','Mansfield','not mentioned','76063','shopify143541321929','2015-06-14 14:51:13','2015-08-26 03:08:22','US',749971393),(992,'Taajah','Dooley','taajahd@aol.com','2514 Lavender','','New Orleans','not mentioned','70122','shopify143541321930','2015-06-14 14:38:19','2015-08-26 03:08:22','US',749922497),(993,'Daniel','Galvan','daniel20g@gmail.com','2159 Mccarran st','','North Las Vegas','not mentioned','89030','shopify143541321931','2015-06-14 05:56:05','2015-08-26 03:08:22','US',748798337),(994,'Ortwin','Louisville','ortwin_l@hotmail.com','Italiestraat','26','Almere','not mentioned','1363CE','shopify143541321932','2015-06-13 21:20:26','2015-08-26 03:08:22','NL',747185729),(995,'Milton','King','successful.kings@gmail.com','P.O.Box 181','','Carmichael','not mentioned','95609','shopify143541321933','2015-06-13 20:10:25','2015-08-26 03:08:22','US',746877249),(996,'ismael','diaz','d1nonlyish@gmail.com','1621 W Speedway Blvd','','Tucson','not mentioned','85745','shopify143541321934','2015-06-13 17:53:11','2015-08-26 03:08:22','US',746228097),(997,'William','Beeler','wabeelerii@hotmail.com','3639 Pursley Lane','','Indianapolis','not mentioned','46235','shopify143541321935','2015-06-13 16:24:39','2015-08-26 03:08:22','US',745803777),(998,'Clifford ','Johnson ','cliffordjohnson515@gmail.com','3632 California Ave. ','2','Pittsburgh','not mentioned','15212','shopify143541322036','2015-06-13 11:52:14','2015-08-26 03:08:22','US',744760193),(999,'Sara','Sorley','saralilac@yahoo.com','116 carmel ln','','CLOVIS','not mentioned','88101','shopify143541322037','2015-06-13 05:47:37','2015-08-26 03:08:22','US',744165057),(1000,'leonard','woodard','leonard62725@yahoo.com','6206 Pierce Arrow Dr','','Arlington','not mentioned','76001','shopify143541322038','2015-06-13 05:02:01','2015-08-26 03:08:22','US',744071297),(1001,'Demarius','Lowe','tamez.lowe@gmail.com','1441 Hydaburg Ln','','Norcross','not mentioned','30093','shopify143541322039','2015-06-13 04:28:59','2015-08-26 03:08:22','US',743991041),(1002,'Derek','Bridges','derekbridges7@yahoo.com','3610 Breckenridge Ct','apt 3','Fitchburg','not mentioned','53713-3640','shopify143541322040','2015-06-13 03:28:45','2015-08-26 03:08:22','US',743806017),(1003,'Desmond','Smith','desmonds781@gmail.com','6503 oak rd','','pass Christian','not mentioned','39571','shopify143541322041','2015-06-12 17:58:38','2015-08-26 03:08:22','US',718271169),(1004,'Cristofer','Mondragon Ramirez','Crismon650@gmail.com','28488 mission blvd apt 104','','Hayward','not mentioned','94544','shopify143541322042','2015-06-12 01:42:25','2015-08-26 03:08:22','US',715051777),(1005,'Burim','Salihu','burim_kral@hotmail.com','Turkosgatan 19','','Gothenburg','not mentioned','42651','shopify143541322043','2015-06-11 21:21:38','2015-08-26 03:08:22','SE',713428417),(1006,'Allen','Parker','suite105llc@yahoo.com','1169 Flatbush Ave','2A','Brooklyn','not mentioned','11226','shopify143541322044','2015-06-11 13:58:31','2015-08-26 03:08:22','US',710607937),(1007,'Jose','G.','jose144a@gmail.com','106 Sirocco cr.','','Stittsville','not mentioned','k2s 2e1','shopify143541322045','2015-06-11 05:35:00','2015-08-26 03:08:22','CA',709283841),(1008,'Leeroy','Perez','leeroyperez22@yahoo.com','209 E Crocus Rd','','Wildwood Crest','not mentioned','08260','shopify143541322046','2015-06-11 04:48:15','2015-08-26 03:08:22','US',709151041),(1009,'Marshawn','Lyles','mlyles8@gmail.com','4010 Warner Ave','Apt D3','Landover Hills ','not mentioned','20784','shopify143541322047','2015-06-11 03:53:29','2015-08-26 03:08:22','US',708631873),(1010,'simone','templeton','tempdebra@yahoo.com','3548 Lost Creek Blvd','','Austin','not mentioned','78735','shopify143541322048','2015-06-11 02:20:53','2015-08-26 03:08:22','US',708116929),(1011,'Taniya','Abron','miyaab27m@yahoo.com','28432Cole Pl','','Hayward','not mentioned','94544','shopify143541322049','2015-06-11 01:35:21','2015-08-26 03:08:22','US',707828993),(1012,'Obed','Carrillo','obedcarrillo6@gmail.com','1027 W Smith St','7','Kent','not mentioned','98032','shopify143541322050','2015-06-11 01:07:20','2015-08-26 03:08:23','US',707698241),(1013,'George ','Ramirez','georgeramirez2306@yahoo.com','311 Piedmont ave ','','San Antonio ','not mentioned','78203','shopify143541322051','2015-06-10 23:29:37','2015-08-26 03:08:23','US',706798529),(1014,'Cedric','Criss ','cedriccriss@gmail.com','3834 W. 217th St','','Matteson ','not mentioned','60443','shopify143541322052','2015-06-10 22:46:46','2015-08-26 03:08:23','US',706616001),(1015,'Christopher','Priest','cpriest23.cp@gmail.com','1475 sawdust rd',' apt 5207','The Woodlands','not mentioned','77380','shopify143541322053','2015-06-10 19:19:32','2015-08-26 03:08:23','US',704864769),(1016,'dhahab','owens','goldenking71@yahoo.com','3532 BLUE RIDGE CT ','','CARPENTERSVILLE','not mentioned','60015','shopify143541322054','2015-06-10 18:14:11','2015-08-26 03:08:23','US',704335937),(1017,'Arturo','Gonzalez','Arturogh12@yahoo.com','26265 il route 83','#4','mundelein','not mentioned','60060','shopify143541322155','2015-06-10 15:18:04','2015-08-26 03:08:23','US',702808513),(1018,'Bryan','Brown','bryansb32@icloud.com','14937','','Fontana ','not mentioned','92336','shopify143541322156','2015-06-10 04:49:52','2015-08-26 03:08:23','US',698957377),(1019,'James','Cassin-Reed','jareed835@yahoo.com','412 Sumner St','1','Boston','not mentioned','02128','shopify143541322157','2015-06-09 16:46:38','2015-08-26 03:08:23','US',695517889),(1020,'Jason','Rodgers','jirodgers921@gmail.com','1207 Five Oaks Way','','Tucker','not mentioned','30084','shopify143541322158','2015-06-09 16:01:07','2015-08-26 03:08:23','US',694077761),(1021,'Samuel','Chaussard','samuel.chaussard@hotmail.fr','4 rue Lépine','','Pantin','not mentioned','93500','shopify143541322159','2015-06-09 10:47:02','2015-08-26 03:08:23','FR',692989825),(1022,'Jordan','Marlowe','jmarlowe23@hotmail.com','51 Red Cardinal Trail','','Richmond Hill','not mentioned','L4e 3y4','shopify143541322160','2015-06-09 00:32:01','2015-08-26 03:08:23','CA',688749441),(1023,'Monty','Mittleman','Yeahmonty@me.com','10 Mockingbird Lane','','Trabuco Canyon','not mentioned','92679','shopify143541322161','2015-06-08 23:06:30','2015-08-26 03:08:23','US',688374401),(1024,'Issac','Resnick','resnici@yahoo.com','890 s.o.m center road','103','Mayfield','not mentioned','44144','shopify143541322162','2015-06-08 19:13:44','2015-08-26 03:08:23','US',686724289),(1025,'Jeremy','Harris','DJ50BELOE.THEBARBER@GMAIL.COM','12475 Woodforest Dr.','2203','Houston','not mentioned','77013','shopify143541322163','2015-06-08 16:08:15','2015-08-26 03:08:23','US',685622209),(1026,'Ronald','Mccauley','skyisthelimit4414@yahoo.com','1520 princess pl','','Charlotte','not mentioned','28208','shopify143541322164','2015-06-08 08:16:37','2015-08-26 03:08:23','US',684283713),(1027,'gavin','passmore','gavinpassmore@yahoo.co.uk','4 sissinghurst close','','Southampton','not mentioned','SO19 9RT','shopify143541322165','2015-06-08 03:03:12','2015-08-26 03:08:23','GB',683492225),(1028,'philip','descorbeth ','pdescorbeth@hotmail.com','1280 east 56 street','','Brooklyn ','not mentioned','11234','shopify143541322166','2015-06-08 02:39:20','2015-08-26 03:08:23','US',683406209),(1029,'Randy ','Roberg','neecphoon@sbcglobal.net','6368 Tamarind St','','Oak Park','not mentioned','91377','shopify143541322167','2015-06-07 22:28:45','2015-08-26 03:08:23','US',682311297),(1030,'ozzy','opiah','o.opiah@hotmail.co.uk','73 monks park','','wembley','not mentioned','ha96jg','shopify143541322168','2015-06-07 21:35:29','2015-08-26 03:08:23','GB',681982273),(1031,'Angel','Batchelor','batchelor.angel45@gmail.com','1355 rock cove ct.','','Hoffman Estates','not mentioned','60192','shopify143541322169','2015-06-07 21:11:17','2015-08-26 03:08:23','US',681827585),(1032,'Abeal','Getachew','abeal2284@gmail.com','6851 Roswell Road ','P-9','Sandy Springs','not mentioned','30328','shopify143541322170','2015-06-07 13:34:23','2015-08-26 03:08:23','US',678915073),(1033,'Ahmed','Ahmed','gacalliye@gmail.com','615 N Pennsylvania Ave ','Apt 5','Lansing','not mentioned','48912','shopify143541322171','2015-06-07 09:23:18','2015-08-26 03:08:24','US',678324353),(1034,'mike','ngalula','mike.brown12@hotmail.com','46 Allinson Dve Girrawheen','','Girrawheen','not mentioned','6064','shopify143541322172','2015-06-07 05:58:59','2015-08-26 03:08:24','AU',677757057),(1035,'Anthony','Blake','mr.blake67@yahoo.com','435 N. 42 street','A','Pennsauken','not mentioned','08110','shopify143541322273','2015-06-07 05:29:42','2015-08-26 03:08:24','US',677685633),(1036,'Angel','aduna','aduna_79@hotmail.com','4028 estate dr stockton California','','Stockton','not mentioned','95209','shopify143541322274','2015-06-07 05:15:17','2015-08-26 03:08:24','US',677648577),(1037,'mahad',' mohamed','mahad614@live.com','2441 Bentham ct E','','columbus ','not mentioned','43219','shopify143541322275','2015-06-07 04:10:09','2015-08-26 03:08:24','US',677459329),(1038,'Kenneth','Dantzler','dantzlerken@gmail.com','111 West Polk','Apt. 313','Chicago','not mentioned','60605','shopify143541322276','2015-06-07 04:04:51','2015-08-26 03:08:24','US',677440065),(1039,'lauro','gaytan','laurogaytan24@gmail.com','1134 E. River','','El Paso','not mentioned','79902','shopify143541322277','2015-06-06 22:27:46','2015-08-26 03:08:24','US',676159041),(1040,'souzan','davood','souzand@yahoo.com','27 South St. Apt. 3','','Brighton','not mentioned','02135','shopify143541322278','2015-06-06 16:11:23','2015-08-26 03:08:24','US',674432641),(1041,'Daiyon','Davis','daiga52@gmail.com','754 horizon Dr','','grand junction','not mentioned','81506','shopify143541322279','2015-06-06 05:28:27','2015-08-26 03:08:24','US',672776641),(1042,'Curtis','Franks','pgccworld@gmail.com','7333 Bread Fruit Lane','','Mississauga','not mentioned','l5n 8p2','shopify143541322280','2015-06-06 00:59:46','2015-08-26 03:08:24','CA',671956481),(1043,'Marvin','Johnson','mjohn14057@msn.com','24413 Leafwood Dr','','Murrieta','not mentioned','92562','shopify143541322281','2015-06-05 19:46:30','2015-08-26 03:08:24','US',670348929),(1044,'Tyrone','peters-harris','ty2014harris@gmail.com','1255 Eldridge park way','319','Houston','not mentioned','77077','shopify143541322282','2015-06-05 14:01:15','2015-08-26 03:08:24','US',668382401),(1045,'david ','ahirhima','efezee2001@yahoo.com','20-07 127th street, college point, NY11356','','NEWYORK','not mentioned','11356','shopify143541322283','2015-06-05 06:52:46','2015-08-26 03:08:24','US',667350209),(1046,'Deion ','Browder ','deion_browder@yahoo.com','1175 E Tremont Avenue ','4F','Bronx ','not mentioned','10460','shopify143541322284','2015-06-05 03:21:35','2015-08-26 03:08:24','US',666788033),(1047,'lawrence','smedley','lawrence35@hotmail.com','4388 e158 st','','cleveland','not mentioned','44128','shopify143541322285','2015-06-05 03:13:32','2015-08-26 03:08:24','US',666757633),(1048,'Anthony ','Carrothers ','acarrothers111@rams.wssu.edu','1035 braehill terrace dr','','Winston Salem ','not mentioned','27104','shopify143541322286','2015-06-04 21:26:11','2015-08-26 03:08:24','US',665061633),(1049,'antwione','atterberry','aantwione@yahoo.com',' 739 hwy z trailer 12 ','12','chicago','not mentioned','65584','shopify143541322287','2015-06-04 06:37:15','2015-08-26 03:08:24','US',659865473),(1050,'Luis','Zavala','zavala52@yahoo.com','700 Birchwood dr','19713','Newark','not mentioned','19713','shopify143541322288','2015-06-04 00:20:20','2015-08-26 03:08:24','US',657800449),(1051,'Kendall','Johnson','kendall2125@att.net','54 Terra Bella Dr','','Manvel','not mentioned','77578','shopify143541322289','2015-06-03 23:34:20','2015-08-26 03:08:24','US',657371137),(1052,'Avedzidah','Prince','ORINNECALLWOOD1@outlook.com','3503 JACK NORTHROP AVE','# S4837','HAWTHORNE','not mentioned','90250','shopify143541322290','2015-06-03 21:35:58','2015-08-26 03:08:24','US',655950785),(1053,'Ruvette','Miller','ruvette.miller@gmail.com','15808 Paramont Lane','','Bowie','not mentioned','20716','shopify143541322291','2015-06-03 19:58:36','2015-08-26 03:08:24','US',654998785),(1054,'TONY','HORRNIK','ahorrnik@tampabay.rr.com','12804 HORSESHOE ROAD','','TAMPA','not mentioned','33626','shopify143541322292','2015-06-03 17:47:15','2015-08-26 03:08:24','US',654240193),(1055,'Komrabai','Kargbo ','komrabai328@gmail.com','6211 Dadson Ct. ','','Alexandria ','not mentioned','22310','shopify143541322293','2015-06-03 04:58:39','2015-08-26 03:08:24','US',650118657),(1056,'Ismael','Resendiz','el1jahjunior@yahoo.com','44977 bellflower on ','','Temecula','not mentioned','92592','shopify143541322294','2015-06-03 04:27:11','2015-08-26 03:08:25','US',650021697),(1057,'phyllis','puzio','pdpuzio@optonline.net','25 split rock rd','','north haledon','not mentioned','07508','shopify143541322295','2015-06-02 22:34:54','2015-08-26 03:08:25','US',646054849),(1058,'Kevin','Chandler','kjcoffice2u@gmail.com','303 Marshalls Venture Court','','Accokeek','not mentioned','20607','shopify143541322296','2015-06-02 09:36:42','2015-08-26 03:08:25','US',641481281),(1059,'Chad ','Stough','chad@stoughcool.com','8113 East Freeport Street','','Broken Arrow','not mentioned','74014','shopify143541322397','2015-06-02 03:35:32','2015-08-26 03:08:25','US',640513793),(1060,'Eder','Elias','bakans.eder@gmail.com','Av Eugênio Negri 377','Casa','Mauá','not mentioned','55','shopify143541322398','2015-06-02 03:28:36','2015-08-26 03:08:25','BR',640486401),(1061,'Jalon','Webster','jlcw03@gmail.com','10703 white oak','','Granada Hills','not mentioned','91344','shopify143541322399','2015-06-01 23:52:42','2015-08-26 03:08:25','US',636800769),(1062,'Garrett ','Snuggs','malachih65@gmail.com','502 marshall st','','Wadesboro','not mentioned','28170','shopify1435413223100','2015-06-01 22:45:22','2015-08-26 03:08:25','US',636484097),(1063,'Cynthia','Tadd','malikadams1396@gmail.com','738 Colorado St','','Salt Lake City','not mentioned','84116','shopify1435413223101','2015-06-01 18:54:04','2015-08-26 03:08:25','US',631861697),(1064,'Jesse','Chavez','jezz3ch@gmail.com','1377 S Monterey Ave','','Ontario ','not mentioned','91761','shopify1435413223102','2015-06-01 00:02:25','2015-08-26 03:08:25','US',618199745),(1065,'Toby','Davis','TobyDavis12@gmail.com','104 Merritt Avenue','','Douglassville','not mentioned','19518','shopify1435413223103','2015-05-31 22:57:55','2015-08-26 03:08:25','US',617898881),(1066,'Anthony ','Ardizzone','teamzzone@gmail.com','22314 N. 36th Street','','Phoenix','not mentioned','85050','shopify1435413223104','2015-05-31 20:03:08','2015-08-26 03:08:25','US',617059713),(1067,'David','Dash','daviid.dash005@yahoo.com','709 W Fondi Court',' #L106','South Jordan ','not mentioned','84095','shopify1435413223105','2015-05-31 13:34:29','2015-08-26 03:08:25','US',615375297),(1068,'Mark','Moorcroft','moorcroft-m@email.ulster.ac.uk','35 Hawthorn Manor','Carryduff','Belfast','not mentioned','BT8 8SR','shopify1435413223106','2015-05-31 10:12:04','2015-08-26 03:08:25','GB',614959041),(1069,'Maurice','Seay','getatme_29@yahoo.com','6451 Majestic Way','','Richmond','not mentioned','23231','shopify1435413223107','2015-05-31 09:03:26','2015-08-26 03:08:25','US',614848449),(1070,'Jonathan','Ramales','johnny27cpt@yahoo.com','15130 ELSTREE DR','','CHANNELVIEW','not mentioned','77530','shopify1435413223108','2015-05-31 00:11:58','2015-08-26 03:08:25','US',613518913),(1071,'Randall','Jones','jones_randall@att.net','109 Cash Lane','','Madison','not mentioned','37115','shopify1435413223109','2015-05-30 18:12:00','2015-08-26 03:08:25','US',612006913),(1072,'Othman ','Alhamdan','othmanalhamdansamsung@gmail.com','Emirates nbd bank,king fahad road','Emirates nbd capital ','Riyadh','not mentioned','11491','shopify1435413223110','2015-05-30 15:55:32','2015-08-26 03:08:25','SA',611226945),(1073,'Kenneth','Sowah ','lilangelloc@gmail.com','1102 E 84th st','','Brooklyn ','not mentioned','11236','shopify1435413223111','2015-05-30 15:29:19','2015-08-26 03:08:25','US',611112961),(1074,'Antranig','Khachkhechyan','anthony.katz@inexxus.com','2742 benjamin sulte','','montreal','not mentioned','h3m1s2','shopify1435413223112','2015-05-30 15:26:59','2015-08-26 03:08:25','CA',611103233),(1075,'james','shelton','tenxdmanj@live.com','1506 hwy 391 n','','north little rock','not mentioned','72117','shopify1435413223113','2015-05-29 21:00:40','2015-08-26 03:08:25','US',605943809),(1076,'Shaun','Hall','shaunhall406@yahoo.com','16836 chandler park drive','','Detroit','not mentioned','48224','shopify1435413223114','2015-05-29 20:34:01','2015-08-26 03:08:25','US',605820865),(1077,'Larry','Johnson','laj3130johnson@aol.com','1488 Haverhill court','','Delaware','not mentioned','43015','shopify1435413223115','2015-05-29 01:01:56','2015-08-26 03:08:25','US',599529281),(1078,'Joshua ','Maldonado','joshuamaldonado22@gmail.com','1042 N 22nd street','','Camden','not mentioned','08105','shopify1435413223116','2015-05-28 22:54:56','2015-08-26 03:08:26','US',598884929),(1079,'Virginia','Orozco','danielorozco21_@hotmail.com','4868 w. 134th st ','','Hawthorne ','not mentioned','90250','shopify1435413223117','2015-05-28 21:45:41','2015-08-26 03:08:26','US',598478785),(1080,'Adel','Ali','adelmub@yahoo.com','1109 Shillington Ave','203','Ottawa','not mentioned','K1Z 7Z1','shopify1435413223118','2015-05-28 16:27:14','2015-08-26 03:08:26','CA',596713601),(1081,'christopher','sutton','fivepointzking@hotmail.com','178 hollow stump road','','pelion','not mentioned','29123','shopify1435413223119','2015-05-28 08:06:45','2015-08-26 03:08:26','US',594721153),(1082,'Gravelle','Craig','gcflex@yahoo.com','119 Green Heron Ct','','Daytona Beach','not mentioned','32119','shopify1435413224120','2015-05-27 23:48:36','2015-08-26 03:08:26','US',592774465),(1083,'Shirl','Freeman','shannonsmith_01@yahoo.com','325 Washington Street','','Hampton','not mentioned','23669','shopify1435413224121','2015-05-27 22:19:54','2015-08-26 03:08:26','US',591686657),(1084,'Myrelsa','Lopez','tutili89@gmail.com','642 Osborn Avenue','','Chesapeake','not mentioned','23325','shopify1435413224122','2015-05-27 10:45:57','2015-08-26 03:08:26','US',586990337),(1085,'Ron','Archibald','TaylorsArchie@gmail.com','594 Whitton Avenue West','','Greenford','not mentioned','UB60EF','shopify1435413224123','2015-05-27 05:08:01','2015-08-26 03:08:26','GB',586093185),(1086,'Luiz Carlos','mendes','luizmendes2004@hotmail.com','rua doutor gordiano Gaudêncio rossi','casa','são Paulo','not mentioned','02864100','shopify1435413224124','2015-05-27 01:05:01','2015-08-26 03:08:26','BR',582959809),(1087,'jimmy','pettiway','jimmy11@gmail.com','67 holly branch ln','','kenly','not mentioned','27542','shopify1435413224125','2015-05-26 22:14:22','2015-08-26 03:08:26','US',582244993),(1088,'Trinton','Grimes','trintongrimes247365@gmail.com','1945 Dorsey Ave','','East Point','not mentioned','30344','shopify1435413224126','2015-05-26 18:18:31','2015-08-26 03:08:26','US',581096705),(1089,'Randal','Swoboda ','randalswbd.rs@gmail.com','13801 Fremantle ct','','Bakersfield ','not mentioned','93314','shopify1435413224127','2015-05-26 05:50:31','2015-08-26 03:08:26','US',577419457),(1090,'Guillermo','Moreta','vicomir817@gmail.com','438 Keller ave','','Elmont','not mentioned','11003','shopify1435413224128','2015-05-26 02:56:46','2015-08-26 03:08:26','US',576845057),(1091,'Mario','Palermo','palerm_m@bellsouth.net','5713 NW 74th Ave','','Tamarac','not mentioned','33321','shopify1435413224129','2015-05-26 01:09:41','2015-08-26 03:08:26','US',576333697),(1092,'Daniel','Mahecha','dmahechaord@gmail.com','calle 20 #20-24','','Puerto Boyacá','not mentioned','','shopify1435413224130','2015-05-25 19:30:16','2015-08-26 03:08:26','CO',574451137),(1093,'Matthew','Tomlinson','matttomlinson134@yahoo.com','8127 Ibis Reserve Cir','','West Palm Beach','not mentioned','33412','shopify1435413224131','2015-05-25 19:18:52','2015-08-26 03:08:26','US',574392001),(1094,'Zyrike','Love','zlove5710@gmail.com','11225 19th Ave SE','Apt P207','Everett','not mentioned','98208','shopify1435413224132','2015-05-25 18:05:10','2015-08-26 03:08:26','US',573783105),(1095,'Terrance','Hayes','thayesdamann@gmail.com','1052 park center drive','','Clarksdale','not mentioned','38614','shopify1435413224133','2015-05-25 15:56:44','2015-08-26 03:08:26','US',573180353),(1096,'Williams','Taurus','tauruswilliams228@yahoo.com','117 e oak st','','Amite','not mentioned','70422','shopify1435413224134','2015-05-24 15:11:27','2015-08-26 03:08:26','US',567442497),(1097,'Casey','Casey','sirverse@gmail.com','2744 Country Creek Way NW','','Kennesaw','not mentioned','30152-2592','shopify1435413224135','2015-05-24 13:21:46','2015-08-26 03:08:26','US',567115649),(1098,'Paul','Miller ','synergynotez@hotmail.com','711 Bank street','','bridgeville','not mentioned','15017','shopify1435413224136','2015-05-23 23:33:29','2015-08-26 03:08:26','US',565059457),(1099,'Denise','Flint','dflint522cc@comcast.net','8408 Adair Ave N','','Brooklyn Park','not mentioned','55443','shopify1435413224137','2015-05-23 17:40:20','2015-08-26 03:08:26','US',563374849),(1100,'Leslie','Brooks','ltfinesse@gmail.com','2017 N 61st St ','A','Tampa','not mentioned','33619','shopify1435413224138','2015-05-23 15:05:18','2015-08-26 03:08:27','US',562721345),(1101,'ian','jackson','jacksoni5871@gmail.com','707 Brownell ave.','','Joplin','not mentioned','64801','shopify1435413224139','2015-05-22 20:38:27','2015-08-26 03:08:27','US',559450689),(1102,'Justin','Brown','jbrown09@stac.edu','759 fall Avenue','','uniondale','not mentioned','11553','shopify1435413224140','2015-05-22 16:54:32','2015-08-26 03:08:27','US',558258945),(1103,'Graciela','Mendez','gmendez@telus.net','15075 60 Avenue','11','Surrey','not mentioned','V3S1S1','shopify1435413224141','2015-05-22 05:41:56','2015-08-26 03:08:27','CA',555782209),(1104,'Ko','Aung','htikegyi24@gmail.com','Nyaung Oo Township(kyaung suu quarter house no 70)','','NYAUNG OO ','not mentioned','Nyaung Oo PostOffice','shopify1435413225142','2015-05-22 00:05:52','2015-08-26 03:08:27','*',554257921),(1105,'Steven','Jackson','steven.a.jackson4@gmail.com','4908 Martelia Drive','','Arlington','not mentioned','38002','shopify1435413225143','2015-05-21 21:55:09','2015-08-26 03:08:27','US',553561153),(1106,'Selika','Thomas','oaklandsfinest_sewn_weavea@yahoo.com','2120 64th Ave','','oakland','not mentioned','94621','shopify1435413225144','2015-05-21 03:26:56','2015-08-26 03:08:27','US',547278721),(1107,'steven','scardaoni','steven.scardaoni@gmail.com','4877 robert','','montreal','not mentioned','h1r1p5','shopify1435413225145','2015-05-21 00:57:45','2015-08-26 03:08:27','CA',546456321),(1108,'Avedzidah','Prince','mountainswhre01@outlook.com','3503 Jack Northrop Ave','S4837','Hawthorne','not mentioned','90250','shopify1435413225146','2015-05-21 00:32:43','2015-08-26 03:08:27','US',546316289),(1109,'Chris','Odei','codei@tiscali.co.uk','23 Spencer Court','208 Woodcote Road','Wallington','not mentioned','SM6 0PJ','shopify1435413225147','2015-05-20 19:10:20','2015-08-26 03:08:27','GB',544151425),(1110,'Randolph ','Denis','sdotww@yahoo.com','3040 west 22nd street','6d','Brooklyn','not mentioned','11224','shopify1435413225148','2015-05-20 07:58:18','2015-08-26 03:08:27','US',541249857),(1111,'Keenan','Johnson','Teej91@gmail.com','7831 tankard','','Memphis','not mentioned','38125','shopify1435413225149','2015-05-19 22:03:47','2015-08-26 03:08:27','US',538894465),(1112,'Patronel','Nath','patroneln@gmail.com','116-02 222 Street','','Cambria Heights','not mentioned','11411','shopify1435413225150','2015-05-19 19:28:12','2015-08-26 03:08:27','US',538073345),(1113,'Charlene ','Edward','jacketsforjuniors@gmail.com','3711 Nelson tillis ','','Fort Myers ','not mentioned','33916','shopify1435413225151','2015-05-19 14:38:12','2015-08-26 03:08:27','US',535910593),(1114,'joel','harris ','harris.joel63@yahoo.com','27050 Collingwood ','','roseville ','not mentioned','48066','shopify1435413225152','2015-05-19 10:30:20','2015-08-26 03:08:27','US',534798849),(1115,'Clarence','Dumas','cjdumas@me.com','HHC 1-66 AR BN 3BCT 4ID','','Camp Buehring','not mentioned','09330','shopify1435413225153','2015-05-19 07:51:00','2015-08-26 03:08:27','US',534519681),(1116,'Gerald','Edwards','Edamon1531@yahoo.com','6172 Parkway Drive','','Baltimore','not mentioned','21212','shopify1435413225154','2015-05-19 02:55:30','2015-08-26 03:08:27','US',533712321),(1117,'Angel','Fraire','angelfraire10@hotmail.com','718 S. Washington','','Liberal','not mentioned','67901','shopify1435413225155','2015-05-19 00:15:21','2015-08-26 03:08:27','US',533004417),(1118,'Christopher','Garcia','chrisgarcia1286@yahoo.com','10740 Washington Street','Apt 205 Bld 5','Pembroke Pines','not mentioned','33025','shopify1435413225156','2015-05-18 12:52:50','2015-08-26 03:08:27','US',526735425),(1119,'Dillon','Huntington','dillonhuntington@gmail.com','W10709 Huntington Rd','','Gresham','not mentioned','54128','shopify1435413225157','2015-05-18 12:46:06','2015-08-26 03:08:28','US',526633921),(1120,'peter','mehany','peter_mehany@hotmail.com','80 yorkville avenue','front desk','Toronto','not mentioned','m5r 2c2','shopify1435413225158','2015-05-17 22:14:28','2015-08-26 03:08:28','CA',522035009),(1121,'Jaquan','Johnson ','jjaquan41@yahoo.com','8269 Severn orchards cir.','','Severn ','not mentioned','21144','shopify1435413225159','2015-05-17 16:58:33','2015-08-26 03:08:28','US',520623361),(1122,'hashim','azhar','h-4-5-h-1-m@hotmail.co.uk','30 ripon drive','flat','glasgow','not mentioned','g12 0dx','shopify1435413225160','2015-05-17 12:56:44','2015-08-26 03:08:28','GB',519700161),(1123,'Michael','Summers','summersmichael576@yahoo.com','p.o.731','','terry','not mentioned','39170','shopify1435413225161','2015-05-17 03:36:06','2015-08-26 03:08:28','US',518670273),(1124,'Fisal','Habib','fstarh@hotmail.co.uk','17 pipelane eastgate ','','Peterborough ','not mentioned','Pe1 5bu','shopify1435413225162','2015-05-17 03:34:14','2015-08-26 03:08:28','GB',518664769),(1125,'Marck','Giordani','marckgiordani@gmail.com','732 nw 171 st','','Miami','not mentioned','33169','shopify1435413226163','2015-05-16 16:04:54','2015-08-26 03:08:28','US',515781313),(1126,'Christopher','Rios','chrisrios697@yahoo.com','2452 fifth ave','','Youngstown ','not mentioned','44505','shopify1435413226164','2015-05-16 11:32:32','2015-08-26 03:08:28','US',514944129),(1127,'Khalid','Abdulla','ksrr61@gmail.com','Building 3004,Road 5725, Block 257','Aptt. 24','Muharraq,Amwaj Island','not mentioned','000000','shopify1435413226165','2015-05-16 10:50:48','2015-08-26 03:08:28','BH',514869633),(1128,'ryan','wickham','ryan_wickham@btinternet.com','apt24, 1 goatwharf','','brentford','not mentioned','tw80as','shopify1435413226166','2015-05-16 09:14:47','2015-08-26 03:08:28','GB',514140865),(1129,'KRISTOFFERSON','COKE','kccoding@hotmail.com','355 EMERSON PL','','UNIONDALE','not mentioned','11553','shopify1435413226167','2015-05-15 14:49:24','2015-08-26 03:08:28','US',509640961),(1130,'Mohammed','Ashfaq','mohammedashfaq@hotmail.co.uk','24 Lime Tree Avenue Peterborough','','Cambs','not mentioned','PE1 2NS','shopify1435413226168','2015-05-15 08:58:37','2015-08-26 03:08:28','GB',508632065),(1131,'Patrick','Martin','patrickmartin323@sbcglobal.net','1578 Viewsite Dr.','','Los Angeles','not mentioned','90069','shopify1435413226169','2015-05-15 01:17:03','2015-08-26 03:08:28','US',506099457),(1132,'Benjamin','Buckner','shonenuff12345@gmail.com','7615 Harper rd','','Joelton','not mentioned','37080','shopify1435413226170','2015-05-14 19:24:39','2015-08-26 03:08:28','US',504587841),(1133,'Mark','Woodson','mwoodson@kent.edu','17907 Scottsdale blvd','','Shaker heights ','not mentioned','44122','shopify1435413226171','2015-05-14 19:21:48','2015-08-26 03:08:29','US',504572033),(1134,'Byron ','Hardy','maflint05@hotmail.com','114 Elkhorn Run Road','','Monaca ','not mentioned','15061','shopify1435413226172','2015-05-14 18:45:55','2015-08-26 03:08:29','US',504389313),(1135,'that','fone shop  (malik meade)','malikmeade@gmail.com','SHOP GR006 ROUSE HILL TOWN CENTRE','','ROUSE HILL','not mentioned','2155','shopify1435413226173','2015-05-14 12:52:35','2015-08-26 03:08:29','AU',502072257),(1136,'Samuel','Okougbo ','sokougbo@yahoo.com','4927 S Celta Vigo Ct ','','Tucson ','not mentioned','85745','shopify1435413226174','2015-05-14 06:57:23','2015-08-26 03:08:29','US',501119169),(1137,'Tamiya','Ewing','tamiyaewing@yahoo.com','1235 SE 4th Ave','202','Oak Harbor','not mentioned','98277','shopify1435413226175','2015-05-13 23:57:29','2015-08-26 03:08:29','US',499486913),(1138,'Mohamed','Khan','k89kash22@aol.com','164-30 hillside ave ','4d','Jamacia ','not mentioned','11432','shopify1435413226176','2015-05-13 23:16:25','2015-08-26 03:08:29','US',499327297),(1139,'Jose','L Santana','junito1211@yahoo.com','4521 whitaker ave','','philadelphia','not mentioned','19120','shopify1435413226177','2015-05-13 14:49:41','2015-08-26 03:08:29','US',496166657),(1140,'Filipe','Cindy','cindy_filipe@hotmail.com','38, rue Joseph-Girard ','1227 Carouge ','Geneve ','not mentioned','1227','shopify1435413226178','2015-05-13 06:34:30','2015-08-26 03:08:29','CH',493607873),(1141,'test','howard','info@websocal.com','100 Main St','','Tustin','not mentioned','92780','shopify1435413226179','2015-05-12 15:20:58','2015-08-26 03:08:29','US',488912897),(1142,'Tamuka','Nyawo','twnyawo@yahoo.co.nz','201 Kyle Road','','Auckland','not mentioned','0632','shopify1435413226180','2015-05-12 09:56:59','2015-08-26 03:08:29','NZ',487676417),(1143,'Tylor','Parker','tylor_parker@yahoo.com','2807 Pearl st','Apt 198','Nacogdoches ','not mentioned','75965','shopify1435413226181','2015-05-12 04:48:07','2015-08-26 03:08:29','US',487010817),(1144,'Anas','Abdi','anas-abdi@hotmail.com','Diktargatan 2 B','','örebro','not mentioned','70371','shopify1435413226182','2015-05-11 23:21:48','2015-08-26 03:08:29','SE',485699457),(1145,'Danny','Nguyen','dnguyen_1108@live.com','8548 Calle Cristobal','','San Diego','not mentioned','92126','shopify1435413226183','2015-05-11 23:17:56','2015-08-26 03:08:29','US',485683393),(1146,'LINDA','SMITH','lsmith2k2@yahoo.com','3413  COUNTY ROAD 2170','','CADDO  MILLS','not mentioned','75135','shopify1435413226184','2015-05-11 20:12:33','2015-08-26 03:08:29','US',484139009),(1147,'Jordan','Crist','mckj96@yahoo.com','137 Church Road','','London','not mentioned','NW10 9EG','shopify1435413226185','2015-05-11 12:58:20','2015-08-26 03:08:29','GB',482321473),(1148,'William','Bell','willvbell@yahoo.com','55 San Marcos Ct.','','Salinas','not mentioned','93901','shopify1435413227186','2015-05-11 04:38:59','2015-08-26 03:08:29','US',480310081),(1149,'DIEGO','ARROYO GUTIERREZ','diegoarroyo06@hotmail.com','8298 NW 68TH ST','','MIAMI','not mentioned','33166-5616','shopify1435413227187','2015-05-11 04:24:31','2015-08-26 03:08:30','CO',480272385),(1150,'mujedin','luma','sluma82@hotmail.com','1155 old hunter run','','byron','not mentioned','61010','shopify1435413227188','2015-05-11 03:40:21','2015-08-26 03:08:30','US',480147137),(1151,'Yves','Joinville','yveswjoinville7418@gmail.com','581 Palio Ct','','ocoee','not mentioned','34761','shopify1435413227189','2015-05-10 23:44:47','2015-08-26 03:08:30','US',479166529),(1152,'Ousmane','Ba','peulhinho@hotmail.fr','2,allée des violettes ','148','Suresnes','not mentioned','92150','shopify1435413227190','2015-05-10 11:32:22','2015-08-26 03:08:30','FR',475807809),(1153,'Jessica','Maleki','fmaleki74@gmail.com','1153 yates way','','san mateo','not mentioned','94403','shopify1435413227191','2015-05-09 10:52:10','2015-08-26 03:08:30','US',471019777),(1154,'Chad','Hinds','hinds1410@aol.com','333 east 102nd street ','Apt.#703','New York ','not mentioned','10029','shopify1435413227192','2015-05-09 03:49:21','2015-08-26 03:08:30','US',470260673),(1155,'Jose','Nunez','jnunez0321@gmail.com','710 Hyde Park Ave ','2 ','Boston ','not mentioned','02131','shopify1435413227193','2015-05-09 03:09:15','2015-08-26 03:08:30','US',470143809),(1156,'David','Dulston','ddulston@googlemail.com','31 St Helens Road','','Weymouth','not mentioned','DT4 9DY','shopify1435413227194','2015-05-08 19:58:15','2015-08-26 03:08:30','GB',468122049),(1157,'Richard','Smallwood','smallrich1@mac.com','5805 Hillmeade Road','','Bowie','not mentioned','20720','shopify1435413227195','2015-05-08 16:55:22','2015-08-26 03:08:30','US',466977921),(1158,'Robert','Johnson','robert.johnson4950@yahoo.com','6725 S Honore ST','','Chicago','not mentioned','60636','shopify1435413227196','2015-05-08 07:09:32','2015-08-26 03:08:30','US',465124097),(1159,'jojo','ghygy','jojo@yyaho.com','100 main st','','tustin','not mentioned','92780','shopify1435413227197','2015-05-08 06:08:09','2015-08-26 03:08:30','US',465019649),(1160,'Christopher','Cooksey','tularosacitybar@gmail.com','473 Central Ave','','Tularosa','not mentioned','88352','shopify1435413227198','2015-05-08 03:11:54','2015-08-26 03:08:30','US',464524225),(1161,'Brian','Castillo','bandanayankee@gmail.com','3043 n gardena st','','san bernadino','not mentioned','92407','shopify1435413227199','2015-05-07 18:27:24','2015-08-26 03:08:30','US',460480641),(1162,'Winfield','Vincent','Tidotonta@yahoo.com','9856 Parkway East','','Birmingham','not mentioned','35215','shopify1435413227200','2015-05-07 17:38:58','2015-08-26 03:08:30','US',460238593),(1163,'Antonio','Brown','abrownstar@gmail.com','2325 n. 52nd st ','','Philadelphia ','not mentioned','19131','shopify1435413227201','2015-05-07 17:30:22','2015-08-26 03:08:30','US',460195713),(1164,'David','Warren','heavyhandsnp@gmail.com','3140 N Broad St','Lower level','Philadelphia','not mentioned','19132','shopify1435413227202','2015-05-07 16:57:11','2015-08-26 03:08:30','US',460032001),(1165,'Montrell','Marshall','temtayshion@gmail.com','3011 Timber Hollow Dr. ','Apt. 301','CHARLOTTE','not mentioned','28205','shopify1435413227203','2015-05-07 04:13:01','2015-08-26 03:08:30','US',457457409),(1166,'Jamil','Lyons ','jrenzo3424@gmail.com','949 Waverly St','','Framingham','not mentioned','01702','shopify1435413227204','2015-05-07 03:33:50','2015-08-26 03:08:30','US',457240769),(1167,'Barbara','DeBow','debeugre2@gmail.com','3607 Seilo Ridge N','','Jeffersonville','not mentioned','47130','shopify1435413227205','2015-05-06 18:42:23','2015-08-26 03:08:30','US',453909889),(1168,'terry','mcdowell','terrym245@aol.com','Po Box 351','','Berkeley','not mentioned','94701','shopify1435413227206','2015-05-06 05:38:31','2015-08-26 03:08:30','US',450300737),(1169,'Jermaine','McNeal','emailjmcneal@gmail.com','1837 Whitley Ave','#413','Hollywood','not mentioned','90028','shopify1435413228207','2015-05-06 03:48:08','2015-08-26 03:08:30','US',449959425),(1170,'Mohammed ','Adan','mo-1995@hotmail.co.uk','28 ruperra street ','','Newport','not mentioned','Np202az','shopify1435413228208','2015-05-06 00:27:07','2015-08-26 03:08:30','GB',447672513),(1171,'Eric','Taylor','etaylor22087@yahoo.com','1206 Belinder Dr','','Raymore','not mentioned','64083','shopify1435413228209','2015-05-05 21:58:22','2015-08-26 03:08:31','US',446794113),(1172,'Paul ','Bucayan','ppb_26@yahoo.com','80 Mountfield Crescent','','Thornhill','not mentioned','L4J7E5','shopify1435413228210','2015-05-05 13:57:45','2015-08-26 03:08:31','CA',443961409),(1173,'Devon','Johnson','devonsirjohnson@gmail.com','331 Treewood Street','','San Diego','not mentioned','92114','shopify1435413228211','2015-05-05 04:45:14','2015-08-26 03:08:31','US',442690753),(1174,'Kim','Weaver','projplatinum.weaver@gmail.com','9348 s Ada','','Chicago','not mentioned','60620','shopify1435413228212','2015-05-05 02:12:37','2015-08-26 03:08:31','US',442025601),(1175,'Anthony','Jones','antjones1421@gmail.com','3901 chesterfield place','','oklahoma city','not mentioned','73179','shopify1435413228213','2015-05-04 22:01:29','2015-08-26 03:08:31','US',440343617),(1176,'Frank','J Brandon','reverendislaam@aol.com','452 St. Nicholas Ave','apt. 1A','New York','not mentioned','10027','shopify1435413228214','2015-05-04 07:08:25','2015-08-26 03:08:31','US',434451137),(1177,'jagadeesh','kumar','jagadeesh.amireddi@gmail.com','20-1-466F3/C, maruthi nagar, korlagunta, tirupati','','Tirupati','not mentioned','517501','shopify1435413229215','2015-05-04 05:47:31','2015-08-26 03:08:31','IN',434319169),(1178,'jose','picazo','anthony2005.jp@gmail.com','3418 Cagle st','','national city','not mentioned','91950','shopify1435413229216','2015-05-04 05:23:02','2015-08-26 03:08:31','US',434263169),(1179,'Oriette','Morgan','oriettem@gmail.com','3700 keele St ','321','North York ','not mentioned','M3j1m4','shopify1435413229217','2015-05-03 19:09:35','2015-08-26 03:08:31','CA',431651137),(1180,'jovani','norris','jaynorris24@gmail.com','8805 elon trl','','jonesboro ','not mentioned','30238','shopify1435413229218','2015-05-03 14:16:59','2015-08-26 03:08:31','US',430131905),(1181,'Alvin ','Vivican III','vivican310@gmail.com','16 Carman mill Rd','','Massapequa ','not mentioned','11758','shopify1435413229219','2015-05-02 13:50:30','2015-08-26 03:08:31','US',425492289),(1182,'youssef','Bejjani','Youssefbejjani@hotmail.com','Kahale','Main road - Next to St. Antoine Church / GF','Kahale','not mentioned','00961','shopify1435413229220','2015-05-02 08:16:51','2015-08-26 03:08:31','LB',424768641),(1183,'Glenford','Arnold ','glenforarnold@gmail.com','2057 Westwood ct #75','','Lancaster ','not mentioned','93536','shopify1435413229221','2015-05-02 05:45:44','2015-08-26 03:08:31','US',424238849),(1184,'Anthony','Summers','toney_ton@yahoo.com','10038 evergreen','','DETROIT','not mentioned','48228','shopify1435413229222','2015-05-02 03:52:46','2015-08-26 03:08:31','US',423783361),(1185,'Maurice ','Lyerly','lyerly42@yahoo.com','710 Wesley dr ','','Salisbury ','not mentioned','28146','shopify1435413229223','2015-05-01 20:43:49','2015-08-26 03:08:31','US',421913985),(1186,'Andrew','Latta','ajlatta67@gmail.com','160 bowie ct','','denver','not mentioned','80221','shopify1435413229224','2015-05-01 17:36:04','2015-08-26 03:08:31','US',421069441),(1187,'Jacqulin','Johnson','jacqulinb@live.com','1220 Porter Ave','','BELOIT','not mentioned','53511','shopify1435413229225','2015-05-01 16:55:27','2015-08-26 03:08:31','US',420831809),(1188,'Jason','Angel','Jboomz23@yahoo.com','337 payson st','','kewanee','not mentioned','61443','shopify1435413229226','2015-05-01 15:41:56','2015-08-26 03:08:31','US',420463105),(1189,'Ahmednur','Hassan','ahmednur88@hotmail.com','Flintemarken 47 St th','Vedbæk','Copenhagen ','not mentioned','2950','shopify1435413229227','2015-05-01 08:56:42','2015-08-26 03:08:31','DK',419298753),(1190,'Henry','Robinson','henrygetsdown@gmail.com','6132 lacosta pl','','Fontana','not mentioned','92335','shopify1435413229228','2015-05-01 06:59:57','2015-08-26 03:08:31','US',418324161),(1191,'Trevon','Harris','frttrevon@aol.com','2717 Galemeadow Dr','','Fort Worth','not mentioned','76123','shopify1435413229229','2015-05-01 00:22:32','2015-08-26 03:08:31','US',416555393),(1192,'Stanley','King','stanley.king@yahoo.com','7605 S HONORE ST','','Chicago','not mentioned','60620','shopify1435413229230','2015-04-30 22:18:37','2015-08-26 03:08:31','US',416059265),(1193,'Edgar','Brown','ewbrown06@gmail.com','5764 Park Side Road','','Hoover','not mentioned','35244','shopify1435413229231','2015-04-30 19:18:25','2015-08-26 03:08:32','US',414985281),(1194,'Toure','Nelson','antoniocarew@Gmail.com','16744 Devonshire street','Apt. 7','Granada Hills ','not mentioned','91344','shopify1435413229232','2015-04-29 21:00:06','2015-08-26 03:08:32','US',409245249),(1195,'Cristian','Botello','cbotello10@aol.com','3736 spire ct','','PERRIS','not mentioned','92570','shopify1435413229233','2015-04-29 18:17:11','2015-08-26 03:08:32','US',408382209),(1196,'Reginald','Pratt','r.pratt803@gmail.com','208 Hope Road','','Columbia','not mentioned','29223','shopify1435413229234','2015-04-29 17:58:06','2015-08-26 03:08:32','US',408301441),(1197,'angel','batista','amrwiso@hotmail.com','165 greenbriar ct','','savannag','not mentioned','31419','shopify1435413229235','2015-04-29 17:36:45','2015-08-26 03:08:32','US',408210433),(1198,'Darrell','Webb','docwebbsr@yahoo.com','829 lynnhaven parkway','125','Virginia beach','not mentioned','23453','shopify1435413230236','2015-04-29 17:23:38','2015-08-26 03:08:32','US',408153921),(1199,'Samuel','Chaussard','samshines@hotmail.com','4 rue Lépine','','Pantin','not mentioned','93500','shopify1435413230237','2015-04-29 17:19:53','2015-08-26 03:08:32','FR',408139137),(1200,'juan','munar','fresa9112001@gmail.com','820 horseblock rd','','farmingville','not mentioned','11738-1227','shopify1435413230238','2015-04-29 15:58:16','2015-08-26 03:08:32','US',407773185),(1201,'Humberto','Gamez','hgamez87@yahoo.com','9416 129th court','','Fellsmere','not mentioned','32948','shopify1435413230239','2015-04-29 15:36:22','2015-08-26 03:08:32','US',407675457),(1202,'Luis','C Cruz Sanchez','luischanelcruz@gmail.com','69 BENNETT AVE','APT 103','NEW YORK','not mentioned','10033-3022','shopify1435413230240','2015-04-29 15:31:49','2015-08-26 03:08:32','US',407656129),(1203,'Chaz','Jones','chazo216@gmail.com','936 Quincy St. NW','','Washington','not mentioned','20011','shopify1435413230241','2015-04-29 13:37:31','2015-08-26 03:08:32','US',407178433),(1204,'Alyssa ','Daniels','holdmyowntv@gmail.com','9800 donnelly ave','','Kansas City ','not mentioned','64134','shopify1435413230242','2015-04-29 08:03:27','2015-08-26 03:08:32','US',406467521),(1205,'Fook','Chong','josephchong.sg@gmail.com','Blk 13 Ghim Moh Road','06-37','Singapore','not mentioned','270013','shopify1435413230243','2015-04-29 04:33:55','2015-08-26 03:08:32','SG',405883073),(1206,'mitchell','michie jr','mitchie1986@gmail.com','975 Marcus Dr Apt 4','','NEWPORT NEWS','not mentioned','23602','shopify1435413230244','2015-04-28 23:07:42','2015-08-26 03:08:32','US',404639489),(1207,'Windsor','Mafalda','windsorjose@oi.com.br','Rua Sargento Dias, Nº 48, Bairro Queluz','house','Conselheiro Lafaiete','not mentioned','36400000','shopify1435413230245','2015-04-28 00:16:23','2015-08-26 03:08:32','BR',398166273),(1208,'dabouzi ','mouhamed abdelaziz','maymoun076@gmail.com','48 ivanhoe avenue','','melbourne','not mentioned','3021','shopify1435413230246','2015-04-27 19:55:43','2015-08-26 03:08:32','AU',395801921),(1209,'Felipe ','Carvalho','felipe_380gi@hotmail.com','av. Raimundo Pereira de Magalhães, 12011','apt. 63, Bl. J.','São Paulo','not mentioned','02989095','shopify1435413230247','2015-04-27 19:39:59','2015-08-26 03:08:32','BR',395694593),(1210,'Sora','Earm','mvp32dex@gmail.com','6018 upper 35th St.N','','Oakdale','not mentioned','55128','shopify1435413230248','2015-04-27 16:36:30','2015-08-26 03:08:32','US',393871233),(1211,'Stanley','Nelson','stanleysne2003@yahoo.com','9126 avenue L','','Brooklyn ','not mentioned','11236','shopify1435413231249','2015-04-27 14:42:30','2015-08-26 03:08:32','US',392899777),(1212,'paul','serino','paul@serinos.com','931 Hyde Park Ave','','Hyde Park','not mentioned','02136','shopify1435413231250','2015-04-27 11:50:20','2015-08-26 03:08:32','US',392195585),(1213,'Matthew','Hale','mrhale24@gmail.com','200 Interstate North Pkwy SE','Room 1110','Atlanta','not mentioned','30339','shopify1435413231251','2015-04-27 04:06:20','2015-08-26 03:08:32','US',391165633),(1214,'Antonio','Bettz','blackbottleboy61@gmail.com','1220 Porter Ave','','Beloit','not mentioned','53511','shopify1435413231252','2015-04-27 03:22:06','2015-08-26 03:08:32','US',391013121),(1215,'Jason','Ray','jase.ray@gmail.com','82 Wadsworth Avenue','21','New York','not mentioned','10033','shopify1435413231253','2015-04-27 01:42:53','2015-08-26 03:08:32','US',390581569),(1216,'Ricardo','Gomes','rosogomes@hotmail.com','Freiburgstrasse 125','','Bern','not mentioned','3008','shopify1435413231254','2015-04-24 19:15:07','2015-08-26 03:08:33','CH',384603533),(1217,'Aemon','Alkana','aemonalkana.gc@gmail.com','287 e highland Ave San Bernardino ca 92404 ','','San Bernardino ','not mentioned','92404','shopify1435413231255','2015-04-24 18:46:02','2015-08-26 03:08:33','US',384595193),(1218,'mike','Gowdy','mikegowdy7@gmail.com','6928 bently drive','','lakeland','not mentioned','33809','shopify1435413231256','2015-04-24 17:41:19','2015-08-26 03:08:33','US',384575433),(1219,'Joel','Lester','tarrles2@gmail.com','PO Box 230278','','Hollis','not mentioned','11423','shopify1435413231257','2015-04-24 17:05:09','2015-08-26 03:08:33','US',384564593),(1220,'Franklin','Beato ','Frank.devnait@hotmail.com','337 spruce st ','Apt 2','Chelsea','not mentioned','02150','shopify1435413231258','2015-04-24 02:50:41','2015-08-26 03:08:33','US',384188997),(1221,'maggie','pabon','maggiepabontattoos@gmail.com','3177 E Tremont Ave','','bronx','not mentioned','10461-5718','shopify1435413231259','2015-04-24 00:18:20','2015-08-26 03:08:33','US',384143937),(1222,'Trudy','Varnado','marie.springbasin@yahoo.com','7512 Springlake Drive','','New Orleans','not mentioned','70126','shopify1435413231260','2015-04-24 00:12:05','2015-08-26 03:08:33','US',384142521),(1223,'Ivan','Garcia','ivan051991@hotmail.com','89-07 34 avenue ','3L','Jackson  heights','not mentioned','11372','shopify1435413231261','2015-04-23 18:57:30','2015-08-26 03:08:33','US',383972673),(1224,'Demarcus ','Williams ','markstr8raw@yahoo.com','224 Douglas Rd','','Goodman','not mentioned','39079','shopify1435413231262','2015-04-23 17:32:40','2015-08-26 03:08:33','US',383948305),(1225,'Kenneth','Williams','williamskenneth11@yahoo.com','12619 Coolgreen','','Houston','not mentioned','77013','shopify1435413231263','2015-04-23 14:44:04','2015-08-26 03:08:33','US',383832709),(1226,'Franklin','Sharity','fcharity2@verizon.net','1118 MACKEY ST','','GARLAND','not mentioned','75040','shopify1435413231264','2015-04-23 03:03:56','2015-08-26 03:08:33','US',383672025),(1227,'estefani','escobar','eestefani14@gmail.com','904 victory ave ','','brooklyn ','not mentioned','21225','shopify1435413231265','2015-04-23 01:14:57','2015-08-26 03:08:33','US',383632593),(1228,'Mahava','Minthe','senawam@yahoo.fr','2 rue Bouin','5ème étage apt 153','Colombes','not mentioned','92700','shopify1435413231266','2015-04-22 21:28:59','2015-08-26 03:08:33','FR',383559157),(1229,'Tawana','Cook','tawanac.leeks@yahoo.com','99 East Emerson Ave','','Rahway','not mentioned','07065','shopify1435413231267','2015-04-22 19:28:00','2015-08-26 03:08:33','US',383501381),(1230,'Calvin','Takata','calvintakata@gmail.com','660 9th street northwest ','A','Atlanta ','not mentioned','30018','shopify1435413231268','2015-04-22 15:33:17','2015-08-26 03:08:33','US',383380977),(1231,'ashanti','nobles','beyond7814@gmail.com','5 Queens Drive E1','','Schenectady','not mentioned','12304','shopify1435413231269','2015-04-22 14:34:16','2015-08-26 03:08:33','US',383359541),(1232,'Celso ','Monteiro ','Celsomonteiro7@gmail.com','Av João de Freitas Branco Nr 39 r / c b caxias Lisboa Portugal 2760-073 ','nr 39 r / c  b ','Lisboa ','not mentioned','2760-073','shopify1435413231270','2015-04-22 05:33:14','2015-08-26 03:08:33','PT',383170565),(1233,'Yusuf','Muhammad','Yusufmuhammad50@gmail.com','218 N Chillingworth Dr ','','West Palm Beach ','not mentioned','33409','shopify1435413232271','2015-04-22 03:11:28','2015-08-26 03:08:33','US',383142645),(1234,'dwight','d reed','dwight.reed@sbcglobal.net','627 Owen','','Detroit','not mentioned','48202','shopify1435413232272','2015-04-22 01:37:50','2015-08-26 03:08:33','US',383113773),(1235,'Christopher','Ramos','barberramos1@gmail.com','1321 N las palmas ','115 ','Los Angeles ','not mentioned','90028','shopify1435413232273','2015-04-21 17:48:01','2015-08-26 03:08:33','US',382941457),(1236,'Tester','Testerton','test@testing.com','123 Test St.','','Testing City','not mentioned','L2P 3B4','shopify1435413232274','2015-04-21 15:44:11','2015-08-26 03:08:33','CA',382900445),(1237,'Bachir','Cissé','bachirbreezy@hotmail.fr','1591 Riverside Drive','1107','Ottawa','not mentioned','K1G4A7','shopify1435413232275','2015-04-21 13:25:50','2015-08-26 03:08:33','CA',382856849),(1238,'Jason','Glover','jjglover@g.clemson.edu','812 gallop hill rd','Apt T2','Gaithersburg ','not mentioned','20879','shopify1435413232276','2015-04-21 04:53:44','2015-08-26 03:08:34','US',382755897),(1239,'howard','nguyen','testing@yahoo.com','100 Main St','','garden grove','not mentioned','92846','shopify1435413232277','2015-04-21 02:36:09','2015-08-26 03:08:34','US',382725825),(1240,'adam','musa','biin.musa@gmail.com','6 \' October ','apt','6\'october','not mentioned','no postal code','shopify1435413232278','2015-04-21 00:52:01','2015-08-26 03:08:34','EG',382695873),(1241,'Donnavan','Azard','donnavanazard@ymail.com','11 melrose street','House','Elmont ','not mentioned','11003','shopify1435413232279','2015-04-20 20:24:53','2015-08-26 03:08:34','US',382618453),(1242,'Shane ','Simpson ','gloverkarrion3030@gmail.com','3403 garthroad','1401','Baytown','not mentioned','77521','shopify1435413232280','2015-04-20 13:59:30','2015-08-26 03:08:34','US',382323085),(1243,'Rocky','Wolfe','rjwrocks@outlook.com','5 Marshall close ','','London','not mentioned','Ha14dh','shopify1435413232281','2015-04-20 09:46:58','2015-08-26 03:08:34','GB',382260309),(1244,'Adney','Martins','Adney_Martins@hotmail.com','17 Florida ave','','Cranston','not mentioned','02920','shopify1435413232282','2015-04-20 02:18:34','2015-08-26 03:08:34','US',382189365),(1245,'Colin ','Langan','langan@student.fdu.edu','52 Hallberg Ave. ','','Bergenfield','not mentioned','07621','shopify1435413232283','2015-04-20 01:32:56','2015-08-26 03:08:34','US',382175841),(1246,'legend','southside','spcfamilyfirst@gmail.com','324 amy way','','atlanta','not mentioned','30349','shopify1435413232284','2015-04-19 23:33:29','2015-08-26 03:08:34','US',382131537),(1247,'Wayne','Dawson','wdaw@aol.com','416 a Longspur Rd','','Highland Hts','not mentioned','44143','shopify1435413232285','2015-04-19 23:25:44','2015-08-26 03:08:34','US',382129333),(1248,'Charles','Sims','cjsims@liberty.edu','8747 Barbra Ann way ','','104','not mentioned','21875','shopify1435413232286','2015-04-19 23:10:33','2015-08-26 03:08:34','US',382124925),(1249,'Naseem','Rahman','naseem-rahman@hotmail.co.uk','17 Franklin street','','London','not mentioned','N156QH','shopify1435413232287','2015-04-19 23:09:06','2015-08-26 03:08:34','GB',382124517),(1250,'Christian','Hernandez','cali559boy@icloud.com','125 Middle Trl','','Sylvester','not mentioned','31791','shopify1435413232288','2015-04-19 14:02:06','2015-08-26 03:08:34','US',381935445),(1251,'colvondrea','grimes','shamondgrimes@yahoo.com','5915 flintlock rd ','406','houston','not mentioned','77040','shopify1435413232289','2015-04-18 20:03:41','2015-08-26 03:08:34','US',381727137),(1252,'saidat ','Sola-Rufai ','ssrufai@gmail.com','112 west Sutton place','','Wilmington','not mentioned','19810','shopify1435413232290','2015-04-18 13:40:36','2015-08-26 03:08:34','US',381532261),(1253,'Daniel','Fawcett','stayscheemin@aol.com','12 hull avenue ','','Staten Island ','not mentioned','10306','shopify1435413232291','2015-04-18 02:47:41','2015-08-26 03:08:34','US',381436773),(1254,'Javen','Young','javen.123@hotmail.com','2120 7th St','','Charleston ','not mentioned','61920','shopify1435413232292','2015-04-18 01:13:41','2015-08-26 03:08:34','US',381415513),(1255,'Rizwan','Khan','rizwankhan21093@gmail.com','105 new bridge road ','105','Egg harbor township ','not mentioned','08234','shopify1435413233293','2015-04-16 19:39:14','2015-08-26 03:08:34','US',380798781),(1256,'Josildo','Oliveira','josildo@ieee.org','1475 Sawdust Road','Apt # 4103','The Woodlands','not mentioned','77380','shopify1435413233294','2015-04-16 17:47:28','2015-08-26 03:08:34','US',380704553),(1257,'L','L','l99@btinternet.com','10 Kinwood drive','','Bangor','not mentioned','Bt196uq','shopify1435413233295','2015-04-16 13:40:03','2015-08-26 03:08:34','GB',380530057),(1258,'Thelma','Zuniga','alexthelmanataly@yahoo.com','14603 Hollow Ash Ct','','Houston','not mentioned','77015-1761','shopify1435413233296','2015-04-16 03:30:18','2015-08-26 03:08:34','US',380238321),(1259,'Daniel','Berhe','adyabo2@gmail.com','380s400w','Apt#2','Logan','not mentioned','84321','shopify1435413233297','2015-04-16 02:58:24','2015-08-26 03:08:35','US',380230873),(1260,'Anthony','Williams','antwill2k3@yahoo.com','1251 S Sherman Rd','101','Richardson','not mentioned','75081','shopify1435413233298','2015-04-15 21:12:53','2015-08-26 03:08:35','US',380096261),(1261,'loriano','pitropakis ','lorianopitropakis@gmail.com','rue des alliés n47','47 frameries ','frameries ','not mentioned','7080','shopify1435413233299','2015-04-15 03:42:14','2015-08-26 03:08:35','BE',379785621),(1262,'joe','berry','joeproberry.98@gmail.com','147 hampshire ln','','Rockwall','not mentioned','75032','shopify1435413233300','2015-04-14 21:06:11','2015-08-26 03:08:35','US',379658805),(1263,'Sharrief','Metoyer','byoball@aol.com','28 Lincoln Court','','Buena Park','not mentioned','90620','shopify1435413233301','2015-04-14 19:21:05','2015-08-26 03:08:35','US',379614053),(1264,'Ronald ','Thomas ','rmt1971@hotmail.com','4828 Bermuda Ave.','','San Diego','not mentioned','92107','shopify1435413233302','2015-04-13 20:16:51','2015-08-26 03:08:35','US',379058321),(1265,'petra','turcinovic','petra.turcinovic@gmail.com','rova na klancu 8','','radomlje','not mentioned','1235','shopify1435413233303','2015-04-13 19:12:31','2015-08-26 03:08:35','SI',379003717),(1266,'Eric','Stewart','stewarteric290@yahoo.com','333 S Anza st','Apt E-72','El Cajon','not mentioned','92020','shopify1435413233304','2015-04-13 17:55:05','2015-08-26 03:08:35','US',378963421),(1267,'Ellis','Dyson Jr','ellis.dysonp@hotmail.com','1321 Old Piscataway RD','','Fort Washington','not mentioned','20744','shopify1435413233305','2015-04-13 13:35:22','2015-08-26 03:08:35','US',378836693),(1268,'Geoffrey ','Adkinson','gmadkinson@yahoo.com','5716 Kansas St. ','Unit A','Houston','not mentioned','77007','shopify1435413233306','2015-04-12 23:51:16','2015-08-26 03:08:35','US',378673237),(1269,'Orlando','Berrios','ehsaces@optonline.net','24 Hobart Pl.','FL 1','Totowa','not mentioned','07512','shopify1435413233307','2015-04-12 14:26:12','2015-08-26 03:08:35','US',378513393),(1270,'Lesley','Middleton','lesley.middleton@ntlworld.com','46-48 Rothesay Road','','Luton','not mentioned','LU1 1QZ','shopify1435413233308','2015-04-12 10:18:42','2015-08-26 03:08:35','GB',378482113),(1271,'David ','Stevens','djstevens06@yahoo.com','7942 Glenorchard Dr','','Cincinnati','not mentioned','45237','shopify1435413233309','2015-04-11 15:44:07','2015-08-26 03:08:35','US',378204693),(1272,'Shane','Brown','shanebrown10@hotmail.com','50 Bradwell Close','','Snaresbrook','not mentioned','E18 2BT','shopify1435413233310','2015-04-11 11:34:48','2015-08-26 03:08:35','GB',378164405),(1273,'Richard','Ambroise','doll.anderson@gmail.com','2791 nostalgia st','','Manteca','not mentioned','95337','shopify1435413233311','2015-04-11 08:17:16','2015-08-26 03:08:35','US',378141629),(1274,'tyrone','collins','da6722@aim.com','320 benedetti ave','','columbus','not mentioned','43213','shopify1435413233312','2015-04-10 01:02:43','2015-08-26 03:08:35','US',377693073),(1275,'James','Gladney','shampooh7@gmail.com','408 s 70th street','','Milwaukee','not mentioned','53214','shopify1435413233313','2015-04-10 00:51:39','2015-08-26 03:08:35','US',377672681),(1276,'Ayman','Nageep','mome4455@hotmail.com','1604 sw clay st ','319','Portland ','not mentioned','97201','shopify1435413234314','2015-04-09 23:31:54','2015-08-26 03:08:35','US',377583553),(1277,'Christian','Pulley','cpulley4497@gmail.com','7019 Hamlet Ave.','','Baltimore','not mentioned','21234','shopify1435413234315','2015-04-09 16:45:40','2015-08-26 03:08:35','US',377428913),(1278,'Geoffrey','Pierce','geoffreyhpierce@yahoo.com','4063 Laurel Bend Dr','','Snellville','not mentioned','30039','shopify1435413234316','2015-04-09 12:57:30','2015-08-26 03:08:35','US',377115237),(1279,'Kentrell','Williams','kentrell5044@yahoo.com','2336 Westmere st.','','Harvey ','not mentioned','70058','shopify1435413234317','2015-04-09 04:36:24','2015-08-26 03:08:35','US',377059405),(1280,'kevin','lukusa','charly-shop@hotmail.com','rue de lausanne 55','apt','morges','not mentioned','1110','shopify1435413234318','2015-04-08 22:01:04','2015-08-26 03:08:35','CH',376972941),(1281,'johnny','weaver','johnnyweaver3rd@aol.com','118 southern ave','','dorchester','not mentioned','02124','shopify1435413234319','2015-04-08 21:41:59','2015-08-26 03:08:36','US',376968193),(1282,'GUIH','vhirgyl','vhirgyl@hotmail.com','105 chevening road','','London','not mentioned','nw6 6da','shopify1435413234320','2015-04-08 21:35:45','2015-08-26 03:08:36','GB',376966353),(1283,'Kendall','Patton','kpkt1607@clear.net','529 des plaines ave','','Forest park','not mentioned','60130','shopify1435413234321','2015-04-08 21:32:38','2015-08-26 03:08:36','US',376965445),(1284,'kendall','brown','kendo1224@hotmail.com','5300 rabbit ridge trail ','','orlando','not mentioned','32818','shopify1435413234322','2015-04-08 19:09:48','2015-08-26 03:08:36','US',376920593),(1285,'Raniel','Rodriguez','ranielrodriquez@yahoo.com','429 Leonhardt Drive ','1','saddle brook ','not mentioned','07663','shopify1435413234323','2015-04-08 16:55:17','2015-08-26 03:08:36','US',376873893),(1286,'Brandon','Todd','btodd8@gmail.com','258 main st ','8','North reading','not mentioned','01864','shopify1435413234324','2015-04-08 15:25:07','2015-08-26 03:08:36','US',376844877),(1287,'AMAR','GUERNOU','amar.guernou@aol.fr','30 rue de Verdun','','Fameck','not mentioned','57290','shopify1435413234325','2015-04-08 11:59:39','2015-08-26 03:08:36','FR',376783941),(1288,'Garrett','Snuggs','londongrace1203@yahoo.com','126 N. Rutherford St','','Wadesboro','not mentioned','28170','shopify1435413234326','2015-04-07 19:01:48','2015-08-26 03:08:36','US',376553077),(1289,'Marcus ','Plong','markell209@yahoo.com','1853 gordon verner circle ','','Stockton','not mentioned','95206','shopify1435413234327','2015-04-07 17:53:00','2015-08-26 03:08:36','US',376534845),(1290,'Jalisa','Mack','mackjalisa@yahoo.com','P.O. Box 540','','Coldwater','not mentioned','38618','shopify1435413234328','2015-04-07 14:28:36','2015-08-26 03:08:36','US',376485485),(1291,'Javier','Lemes Cejudo','javier.lemes@gmail.com','Bebederos 7','','Arrieta','not mentioned','35542','shopify1435413234329','2015-04-07 11:55:05','2015-08-26 03:08:36','ES',376459153),(1292,'a','f','rt@hotmail.com','2000 bayside','apt','Palatine','not mentioned','60074','shopify1435413234330','2015-04-07 09:24:36','2015-08-26 03:08:36','US',376437505),(1293,'romesh','moirangthem','victorsapam9@gmail.com','yumnam leikai indo myanmar road near yumnam leikai lairembi','','imphal','not mentioned','795001','shopify1435413234331','2015-04-07 08:02:35','2015-08-26 03:08:36','IN',376422757),(1294,'Kelvin','Wilson','Wilsonk1423@gmail.com','2800 mcfarland blvd east','apt 1207','tuscaloosa','not mentioned','35405','shopify1435413234332','2015-04-06 22:50:19','2015-08-26 03:08:36','US',376312289),(1295,'Eric','mack','lemontmack@yahoo.com','660 commerce center dr','130','Jacksonville','not mentioned','32225','shopify1435413234333','2015-04-06 21:45:46','2015-08-26 03:08:36','US',376296297),(1296,'Yury','Kheyman','YuryKheyman@gmail.com','2531 East 7th Street','Apt #5K','Brooklyn','not mentioned','11235','shopify1435413235334','2015-04-06 20:18:44','2015-08-26 03:08:36','US',376273825),(1297,'CHARLES','JAMES','selrahcsemaj@yahoo.com','2408 NEWMOOR WAY','','UPPER MARLBORO','not mentioned','20774','shopify1435413235335','2015-04-06 13:16:17','2015-08-26 03:08:36','US',376164061),(1298,'Phil','Waldrep','waldrep912@aol.com','3008 Lenox Dr SW','','Decatur','not mentioned','35603','shopify1435413235336','2015-04-06 12:37:42','2015-08-26 03:08:36','US',376155101),(1299,'Nwaiwu','Vincent','chizzydumello@yahoo.com','74 Baruwa street Agboju amuwo lagos','','Lagos','not mentioned','234','shopify1435413235337','2015-04-06 00:46:59','2015-08-26 03:08:36','NG',376030533),(1300,'Gerald ','Haynes','geehaynes.gh@gmail.com','5115 Lindsley Avenue ','','Dallas','not mentioned','75223','shopify1435413235338','2015-04-05 17:50:22','2015-08-26 03:08:36','US',375936981),(1301,'Patrick','Clacks','pclacks711@gmail.com','4310 ridge road','','gary','not mentioned','46408','shopify1435413235339','2015-04-05 05:25:56','2015-08-26 03:08:36','US',375850461),(1302,'Paul','Pereira','Paul.s.pereira@hotmail.com','1173 springbank dr','','Oshawa','not mentioned','L1K 2M9','shopify1435413235340','2015-04-05 03:56:49','2015-08-26 03:08:37','CA',375839405),(1303,'Asante','Green','asanterobinson29@gmail.com','66 Columbus Place','','Stamford','not mentioned','06907','shopify1435413235341','2015-04-05 01:19:55','2015-08-26 03:08:37','US',375813029),(1304,'QuMiller','Glover','jjglove@g.clemson.edu','812 Gallop Hill rd. Apt t2','','Gaithersburg, MD','not mentioned','20879','shopify1435413235342','2015-04-04 00:57:48','2015-08-26 03:08:37','US',375519405),(1305,'Andrey','sankin','klik-nn@mail.ru','jhgyj','','nihgt','not mentioned','603115','shopify1435413235343','2015-04-03 19:03:15','2015-08-26 03:08:37','RU',375406013),(1306,'Fahd','Mansoor','fahd.adamson@hotmail.com','Sentier de rosemont 8','','Montreux','not mentioned','1820','shopify1435413235344','2015-04-03 18:04:44','2015-08-26 03:08:37','CH',375382921),(1307,'andy nino','feliz medina','rubenfeliz92@gmail.com','c/la luna n°8 4a','','mostoles','not mentioned','28933','shopify1435413235345','2015-04-03 14:58:02','2015-08-26 03:08:37','ES',375201477),(1308,'Alexander','Lang','europapokal@gmx.net','Sachsenring 16','','marburg','not mentioned','35041','shopify1435413235346','2015-04-03 13:48:23','2015-08-26 03:08:37','DE',375149921),(1309,'Matheus','Nonato','matheusnonato.p@outlook.com','bairro bom jardim .Avenida amazonas . 395 .','casa','ipatinga','not mentioned','35-162-260','shopify1435413235347','2015-04-03 12:54:42','2015-08-26 03:08:37','BR',375138661),(1310,'AECIO MARTINS','JUNIOR PAIVA','JUNINHOPAIVASI@GMAIL.COM','Rua Olaria do Barreiro','','Belo Horizonte','not mentioned','30662290','shopify1435413235348','2015-04-03 12:32:57','2015-08-26 03:08:37','BR',375133589),(1311,'Kevin','TOTO TENE','kevintene@livr.fr','7 rue Victor Schoelcher ','Apt 04','Mantes La Ville','not mentioned','78711','shopify1435413235349','2015-04-03 11:26:24','2015-08-26 03:08:37','FR',375119797),(1312,'Adam','Williams','bigchessgg@outlook.com','37 Wicklow house ','','London','not mentioned','N166rk','shopify1435413235350','2015-04-03 11:10:05','2015-08-26 03:08:37','GB',375118161),(1313,'dan','clucas','dcluc312@gmail.com','87undine ave ','','Winthrop','not mentioned','02152','shopify1435413235351','2015-04-03 02:13:41','2015-08-26 03:08:37','US',374996193),(1314,'Toure','Cockfield','toure.cockfield@gmail.com','8702 Donnellson Common Ct.','','Charlotte','not mentioned','28216','shopify1435413235352','2015-04-03 01:50:17','2015-08-26 03:08:37','US',374990661),(1315,'Marlo','Bridgeforth','mr.mb4th@gmail.com','40455 Blythefield Lane','','Canton','not mentioned','48188','shopify1435413235353','2015-04-03 00:49:08','2015-08-26 03:08:37','US',374975161),(1316,'Courtney ','Mitchell','courtney_mitch1989@yahoo.com','2440 Northwick Dr.','Apt. 304','Winston Salem ','not mentioned','27103','shopify1435413236354','2015-04-03 00:16:56','2015-08-26 03:08:37','US',374967669),(1317,'Talal','Mohd','Talal_2699@hotmail.com','Dubai ','','Dubai ','not mentioned','','shopify1435413236355','2015-04-02 20:46:43','2015-08-26 03:08:37','AE',374874793),(1318,'Dora','Cole','ascape2wellness@comcast.net','318 south blvd west','','pontiac','not mentioned','48341','shopify1435413236356','2015-04-02 16:07:16','2015-08-26 03:08:37','US',374626301),(1319,'JOSEPH','ANDREW MOSES PINNOCK','sexybum43@hotmail.com','182 21 150th Avenue','DOH 316991','Springfield Gardens','not mentioned','11413','shopify1435413236357','2015-04-02 11:57:36','2015-08-26 03:08:37','US',374523133),(1320,'Geeks','Like Us Inc.','geekslikeus@gmail.com','520 Jefferson drive','104','Deerfield Beach','not mentioned','33442','shopify1435413236358','2015-04-02 11:44:43','2015-08-26 03:08:37','US',374521605),(1321,'Bryan','Fernandez','bfc93@hotmail.co.uk','09 Porlock Street','','London','not mentioned','SE1 3RY','shopify1435413236359','2015-04-02 08:17:09','2015-08-26 03:08:37','GB',374500725),(1322,'DEWAYNE','Raye','dewayneevoent@yahoo.com','218 SWAN STREET','','Buffalo','not mentioned','14204','shopify1435413236360','2015-04-02 03:55:13','2015-08-26 03:08:37','US',374468065),(1323,'Queena','Tolliver','mrsqnt1@gmail.com','730 Brentwood Rd ','','Jackson ','not mentioned','49202','shopify1435413236361','2015-04-01 17:34:33','2015-08-26 03:08:37','US',374270677),(1324,'Mohankumar','Amaraneni','mail2mohankumar@gmail.com','Studio-261','Belgielei - 38','Antwerpen','not mentioned','2018','shopify1435413236362','2015-04-01 15:35:27','2015-08-26 03:08:38','BE',374109245),(1325,'james','threats','biggamejames77@hotmail.com','1401 El Camino real','','vista','not mentioned','92054','shopify1435413236363','2015-04-01 12:32:08','2015-08-26 03:08:38','US',373988949),(1326,'Will','Alexander','wilwise08@gmail.com','220 Academy Ave.','','Providence','not mentioned','02908','shopify1435413236364','2015-04-01 11:37:29','2015-08-26 03:08:38','US',373980057),(1327,'Jamal','Mclaurin','king73187@yahoo.com','15 grant place ','','Irvington ','not mentioned','07111','shopify1435413236365','2015-04-01 10:37:51','2015-08-26 03:08:38','US',373973873),(1328,'Jeremy','Krepismann','jeremydior@gmail.com','125 Via Joaquin','','Moraga','not mentioned','94556','shopify1435413236366','2015-03-31 23:27:53','2015-08-26 03:08:38','US',373808873),(1329,'ricardo','Lopez','makuin326@gmail.com','8618 sherrywood dr','','Houston ','not mentioned','77044','shopify1435413236367','2015-03-31 23:18:33','2015-08-26 03:08:38','US',373806765),(1330,'Jessica','Rebsamen','jessica.rebsamen@gmx.net','Sulackerstrasse 7','','Frauenfeld','not mentioned','8500','shopify1435413236368','2015-03-30 20:19:07','2015-08-26 03:08:38','CH',372921973),(1331,'Eduardo','Muniz ','emuniz1983@gmail.com','14910 Streich Rd','','Elmendorf','not mentioned','78112','shopify1435413236369','2015-03-30 16:46:11','2015-08-26 03:08:38','US',372846457),(1332,'Andrew','Jaudon','hamilton.delrosario@yahoo.com','209 Princeton rd','A','HADDONFIELD','not mentioned','08033','shopify1435413236370','2015-03-30 14:56:53','2015-08-26 03:08:38','US',372797985),(1333,'JERRY','SAMUELS','jsamuelsx@gmail.com','2081 PITCH PINE DR','','SHREVEPORT','not mentioned','71118','shopify1435413236371','2015-03-30 11:55:15','2015-08-26 03:08:38','US',372765777),(1334,'Felipe Aparecido de','Meira','felipetile@hotmail.com','Rua José Benedito Pinto','78','São Paulo','not mentioned','02807120','shopify1435413236372','2015-03-30 03:15:52','2015-08-26 03:08:38','BR',372696525),(1335,'Kevin','Howard','k3v_world@yahoo.com','221 East 106 Street ','16A','New York','not mentioned','10029','shopify1435413236373','2015-03-30 00:44:55','2015-08-26 03:08:38','US',372662705),(1336,'jordan','mcketty','javier.mcketty@college.wlc.ac.uk','10 Chandos Road','','London','not mentioned','HA1 4QY','shopify1435413236374','2015-03-29 17:42:07','2015-08-26 03:08:38','GB',372549481),(1337,'Rhyan','O\'Sullivan','rhyan@theteflacademy.co.uk','Suite 4, Kingsway House, 134-140 Church Road','','Brighton','not mentioned','BN3 2DL','shopify1435413236375','2015-03-29 14:16:13','2015-08-26 03:08:38','GB',372505433),(1338,'Jorge','Rubio','leslypalos@gmail.com','7606 Bellfort ',' #33','Houston','not mentioned','77061','shopify1435413237376','2015-03-29 03:04:49','2015-08-26 03:08:38','US',372422985),(1339,'hazel','kigera','sowusu22@gmail.com','622 heather trail ','1102','arlington','not mentioned','76011','shopify1435413237377','2015-03-28 23:30:18','2015-08-26 03:08:38','US',372385301),(1340,'Jadreon','Robinson','jadreonmrobinson93@yahoo.com','8804 Elm Drake LN','','Humble','not mentioned','77338','shopify1435413237378','2015-03-28 23:08:37','2015-08-26 03:08:38','US',372381057),(1341,'John','Cotton','jcottonjr27@yahoo.com','990 cypress station dr','1002','Houston ','not mentioned','77090','shopify1435413237379','2015-03-28 22:53:53','2015-08-26 03:08:38','US',372378057),(1342,'Miguel','Garcia','detroitmiguel@gmail.com','1037 Mayburn St','','Dearborn','not mentioned','48128','shopify1435413237380','2015-03-28 20:37:09','2015-08-26 03:08:38','US',372347745),(1343,'paul','notley','pjknots4@gmail.com','5596 arbor club way ','11','boca raton ','not mentioned','33443','shopify1435413237381','2015-03-28 19:13:18','2015-08-26 03:08:38','US',372327969),(1344,'jaquay','gray','jmarkellgray@gmail.com','1104 london way','','lithia springs','not mentioned','30122','shopify1435413237382','2015-03-28 15:55:18','2015-08-26 03:08:38','US',372269217),(1345,'Tray','Drummond','trayon24@gmail.com','8761 sw 14th street ','','Pembroke pines','not mentioned','33025','shopify1435413237383','2015-03-28 15:52:36','2015-08-26 03:08:39','US',372268485),(1346,'Adrian','Lee','adrianl3308@gmail.com','200-02 Linden Blvd','','St. Albans','not mentioned','11412','shopify1435413237384','2015-03-27 22:14:34','2015-08-26 03:08:39','US',372091873),(1347,'Kojo','Ofori','lowkey83@hotmail.com','500 Murray Ross Parkway, Apt. 105','','North York','not mentioned','m3j 2z3','shopify1435413237385','2015-03-27 21:40:35','2015-08-26 03:08:39','CA',372084017),(1348,'Мезенцева','Олеговна','vasilira@list.ru','павловская 28','','Екатеринбург','not mentioned','620039','shopify1435413237386','2015-03-27 15:27:10','2015-08-26 03:08:39','RU',371981149),(1349,'Strachan','Jacksom','themuscle1116@yahoo.com','209 princeton rd.','A','Haddonfield','not mentioned','08033','shopify1435413237387','2015-03-27 15:23:12','2015-08-26 03:08:39','US',371980209),(1350,'Luís','Farrajota','lfarrajota@gmail.com','Avenida 24 de Julho n.º 134 5º andar','','Lisboa','not mentioned','1399-029','shopify1435413237388','2015-03-27 10:26:55','2015-08-26 03:08:39','PT',371887977),(1351,'Waymond','Johnson','waymo3@yahoo.com','14906 westpark dr.','333','Houston','not mentioned','77082','shopify1435413237389','2015-03-27 06:46:20','2015-08-26 03:08:39','US',371867553),(1352,'Dwayne','Bell','dbell31@optonline.net','4370 Satellite Blvd','Apt # 839','Duluth','not mentioned','30096','shopify1435413237390','2015-03-27 04:40:03','2015-08-26 03:08:39','US',371853417),(1353,'David','Mazurek','ebaygames21@gmail.com','690 Carson Ave','','Perth Amboy','not mentioned','08861-2422','shopify1435413237391','2015-03-27 03:15:07','2015-08-26 03:08:39','US',371838009),(1354,'milan','shrestha','milanshresth@hotmail.com','4025 74th street','FL 3','Elmhurst','not mentioned','11373','shopify1435413237392','2015-03-27 02:42:45','2015-08-26 03:08:39','US',371831141),(1355,'Dwaine','Hendrickson','delee22@hotmail.com','101 Shard End Crescent','Shard End','Birmingham','not mentioned','B34 7ae','shopify1435413237393','2015-03-26 23:03:03','2015-08-26 03:08:39','GB',371774353),(1356,'Romal','Pineda','romalpineda61@gmail.com','2006 niles st','House','Bakersfield','not mentioned','93305','shopify1435413237394','2015-03-26 21:54:30','2015-08-26 03:08:39','US',371756289),(1357,'david','mason','davemason747@gmail.com','217 chisholm drive','','boerne','not mentioned','78006','shopify1435413237395','2015-03-26 16:38:01','2015-08-26 03:08:39','US',371578761),(1358,'Stephanie','Flores','stflorez@gmail.com','900 PerSei Place #130','','North Bethesda','not mentioned','20852','shopify1435413237396','2015-03-26 14:33:32','2015-08-26 03:08:40','US',371528365),(1359,'Edwien','Bravo','Edwien.rs@gmail.com','291 pennsylvania ave','2nd Floor','Paterson','not mentioned','07503','shopify1435413237397','2015-03-26 14:20:23','2015-08-26 03:08:40','US',371524445),(1360,'ibn','Shabazz','ishabazz95@yahoo.com','1408','apt. 3','Oakland','not mentioned','94621','shopify1435413237398','2015-03-26 08:33:45','2015-08-26 03:08:40','US',371344957),(1361,'jm','lopez','singkezia@gmail.com','12723 Colonnade Dr.','','Rancho Cucamonga','not mentioned','91739','shopify1435413238399','2015-03-26 08:12:56','2015-08-26 03:08:40','US',371343165),(1362,'Randy','Odell','odell.randy@gmail.com','2816 SW Morgan St','','Seattle','not mentioned','98126','shopify1435413238400','2015-03-26 05:54:55','2015-08-26 03:08:40','US',371330013),(1363,'Miller,','Sidney','sidneycraigmiller79@yahoo.com','3272 Kimber Ct','Apt#38','San Jose','not mentioned','95124','shopify1435413238401','2015-03-26 02:49:13','2015-08-26 03:08:40','US',371301321),(1364,'Milton','Espin','miltonespin@hotmail.com','11043 Chandler dr','','Cooper City','not mentioned','33026','shopify1435413238402','2015-03-26 02:11:28','2015-08-26 03:08:40','US',371291117),(1365,'Carla','Oden','cofabulous1@att.net','839 Peerless Ave','','Akron','not mentioned','44320','shopify1435413238403','2015-03-26 02:07:44','2015-08-26 03:08:40','US',371290241),(1366,'Marlon','Wilson','mr.bespoke@gmail.com','112 millington trl ','','Mansfield ','not mentioned','76063','shopify1435413238404','2015-03-26 00:07:20','2015-08-26 03:08:40','US',371261177),(1367,'Alicia','Kincade ','alicia.kincade@theschoolofmusic.org','401 S Sherman St ','303 ','Richardson ','not mentioned','75081','shopify1435413238405','2015-03-25 19:41:00','2015-08-26 03:08:40','US',371160817),(1368,'Russell','Bonanza','rrbonanz@hotmail.com','32 Hammond rd','','Glen cove','not mentioned','11542','shopify1435413238406','2015-03-25 14:24:48','2015-08-26 03:08:40','US',370984581),(1369,'Cameron','Whitner','cameronwhitner6@gmail.com','395 East 13th Avenue','Apt 1','Columbus','not mentioned','43201','shopify1435413238407','2015-03-25 13:20:39','2015-08-26 03:08:40','US',370971949),(1370,'Jose','de la Lama','jadelalalama@gmail.com','9855 SW 142 drive','','Miami','not mentioned','33176','shopify1435413238408','2015-03-25 13:01:25','2015-08-26 03:08:40','US',370966921),(1371,'Misael','Santos','misa.700@hotmail.com','rua137 Qd52 Lt19 setor Marista','barbearia isac.com','goiania','not mentioned','062','shopify1435413238409','2015-03-25 11:20:03','2015-08-26 03:08:40','BR',370944877),(1372,'Trevis ','Matthew','classiccutsbarbershopllc@gmail.com','625 Lincoln Blvd','','Middlesex ','not mentioned','08846','shopify1435413238410','2015-03-25 11:14:25','2015-08-26 03:08:40','US',370943881),(1373,'Ahmad','Burkes','jamalburkes@yahoo.com','408 stone st. suite B','','Cocoa','not mentioned','32922','shopify1435413238411','2015-03-25 11:09:32','2015-08-26 03:08:40','US',370943141),(1374,'Joel','Ogbe','jkid510@yahoo.com','1700 Botelho Dr. Apt #302','','WALNUT CREEK','not mentioned','94596','shopify1435413238412','2015-03-25 08:00:41','2015-08-26 03:08:40','US',370921337),(1375,'Dominique','Jones','mrdomjones@gmail.com','1731 Shattuck Ave S','','Renton','not mentioned','98055','shopify1435413238413','2015-03-24 20:50:25','2015-08-26 03:08:40','US',370745517),(1376,'Donald ','Williams','donaldwilliams25@icloud.com','2000 Frederick Rd','Deer run apartments apt. Q4','Claremore','not mentioned','74019-1422','shopify1435413238414','2015-03-24 16:23:28','2015-08-26 03:08:40','US',370641881),(1377,'Ali','Mukhtar ','a.kurfi@gmail.com','Adresi: Bosnahersek Mahallesi Büyük Hizmet Caddesi No:30, Selçuklu, Konya','','Konya','not mentioned','4200','shopify1435413238415','2015-03-24 08:06:58','2015-08-26 03:08:40','TR',370533605),(1378,'David','Dzul','froggy1.dd@gmail.com','810 west nob hill','','Yakima ','not mentioned','98902','shopify1435413238416','2015-03-24 06:08:22','2015-08-26 03:08:41','US',370516153),(1379,'ROHAN','GRAY','futurevibz@gmail.com','1923 Park Ave','','Bridgeport','not mentioned','06604','shopify1435413238417','2015-03-24 04:03:39','2015-08-26 03:08:41','US',370495153),(1380,'Stephanie ','Donnelle','sdonnelle@dallasisd.org','7152 Indian Ridge Trl','','Dallas ','not mentioned','75233','shopify1435413238418','2015-03-24 03:38:48','2015-08-26 03:08:41','US',370490021),(1381,'Alejandro','Ortiz-Sanchez','alejandro.ortizsanchez@yahoo.com','145 worrell st','','Chester','not mentioned','19013','shopify1435413239419','2015-03-24 02:37:51','2015-08-26 03:08:41','US',370474029),(1382,'bryce','kelley','brycekelley71@yahoo.com','712 saw mill brook parkway','','newton','not mentioned','02459','shopify1435413239420','2015-03-24 01:05:55','2015-08-26 03:08:41','US',370440789),(1383,'Ahmed','Aldsoqi','rb.5@hotmaol.com','Alshafa','','Alryadh','not mentioned','11961','shopify1435413239421','2015-03-24 00:35:13','2015-08-26 03:08:41','SA',370431345),(1384,'Shaun','Lightbody','shaunlightbody@hotmail.co.uk','60 gorefield house Canterbury road ','','London ','not mentioned','Nw65ta','shopify1435413239422','2015-03-23 23:42:55','2015-08-26 03:08:41','GB',370405405),(1385,'Domonique','Hubbard','domonique.hubbard@yahoo.com','19019 Firwood rd.','','Cleveland','not mentioned','44110','shopify1435413239423','2015-03-23 23:26:59','2015-08-26 03:08:41','US',370399761),(1386,'James','Johnson','jamescjohnson1983@gmail.com','5441-almeda Abe ','1f','Arverne','not mentioned','11692','shopify1435413239424','2015-03-23 20:12:40','2015-08-26 03:08:41','US',370239277),(1387,'Marquis','Jackson','marquis4547@yahoo.com','2526 Cadillac Blvd','','Detroit','not mentioned','48214-3112','shopify1435413239425','2015-03-23 13:30:01','2015-08-26 03:08:41','US',369956797),(1388,'Heriberto','Mejia','Mejiaboss69@gmail.com','401 Date Place SW ','','Desert Aire ','not mentioned','99349','shopify1435413239426','2015-03-23 05:23:55','2015-08-26 03:08:41','US',369786185),(1389,'myron','mcwhite','breshiamcwhite@gmail.com','17410 birwood','','detroit','not mentioned','48221','shopify1435413239427','2015-03-23 03:37:38','2015-08-26 03:08:41','US',369754329),(1390,'Frank','Evans','frankevans01@yahoo.com','3724 Wallingford Court','','Waldorf','not mentioned','20603','shopify1435413239428','2015-03-23 02:37:13','2015-08-26 03:08:41','US',369741561),(1391,'Nathan','Curran','nathcurran@gmail.com','31 jones ave','','Toukley','not mentioned','2263','shopify1435413240429','2015-03-23 02:05:38','2015-08-26 03:08:41','AU',369733297),(1392,'David Joel','Cairo DO80Q90930N','twanabunbaril@hotmail.com','7801 NW 37th Street ','','Doral','not mentioned','33166','shopify1435413240430','2015-03-23 00:53:40','2015-08-26 03:08:41','US',369704553),(1393,'Michael','Case','case.michael@rocketmail.com','3601 E McDowell Rd','Apt 3080','Phoenix','not mentioned','85008-5339','shopify1435413240431','2015-03-23 00:26:19','2015-08-26 03:08:41','US',369685097),(1394,'Mohamed','Aharoud','m.aharoud@hotmail.com','Staringlaan 324','','Papendrecht ','not mentioned','3351tj','shopify1435413240432','2015-03-23 00:15:39','2015-08-26 03:08:41','NL',369677321),(1395,'David Joel','Cairo Pineda DO80Q90930N','lorenzosuns2mvp@hotmail.com','7801 NW 37th Street ','','Doral','not mentioned','33166-6503','shopify1435413240433','2015-03-23 00:11:27','2015-08-26 03:08:41','US',369674409),(1396,'William','Koven','williamkoven.1@hotmail.com','2045 S State College Blvd','Apt 113','Anaheim','not mentioned','92806','shopify1435413240434','2015-03-22 23:56:58','2015-08-26 03:08:41','US',369664177),(1397,'lucrecia','urena','urenakarina93@gmail.com','62 palm st','z','nashua','not mentioned','03060','shopify1435413240435','2015-03-22 23:44:39','2015-08-26 03:08:41','US',369655333),(1398,'Eric','Paulino','epaulino89@gmail.com','8418 88th street ','2','Woodhaven','not mentioned','11421','shopify1435413240436','2015-03-22 23:41:54','2015-08-26 03:08:41','US',369654193),(1399,'Martin','Younan','bygtym@hotmail.com','7 Cree cres greenfield park ','','Sydney','not mentioned','2176','shopify1435413240437','2015-03-22 23:17:39','2015-08-26 03:08:42','AU',369648485),(1400,'Jose','Gaspar','maria_sebastian21@hotmail.com','85 East 18th Street ','B','Cookeville ','not mentioned','38501','shopify1435413240438','2015-03-22 23:15:25','2015-08-26 03:08:42','US',369647981),(1401,'Emmanuel','Iyoha','leyoha@yahoo.com','54, Chesnut Close, alfreds garden estate, kudirat abiola way','','Oregun, Ikeja','not mentioned','23401','shopify1435413240439','2015-03-22 22:24:16','2015-08-26 03:08:42','NG',369629761),(1402,'jessica','ottinot','jimmyjones.jo@gmail.com','89 west 11 street','','huntington station','not mentioned','11746','shopify1435413240440','2015-03-22 18:47:17','2015-08-26 03:08:42','US',369571389),(1403,'cristina','nastase','cristina_nastase@yahoo.ca','100 upper madison ave suite 1406','1406','toronto','not mentioned','m2n6m4','shopify1435413240441','2015-03-22 16:29:54','2015-08-26 03:08:42','CA',369539661),(1404,'Peter','Ryan','Peter.Ryan501@gmail.com','514/50 Macleay St, Potts Point','Suite 514','Sydney','not mentioned','2011','shopify1435413240442','2015-03-22 12:50:05','2015-08-26 03:08:42','AU',369502845),(1405,'Anthony','Matta','info@doortrade.com.au','64  Bolaro av','','Greystanes','not mentioned','2145','shopify1435413240443','2015-03-22 12:01:08','2015-08-26 03:08:42','AU',369497861),(1406,'Aisha','Barnes','philosophy210@hotmail.com','108 chambers rd.','','Danbury','not mentioned','06811','shopify1435413240444','2015-03-22 04:09:38','2015-08-26 03:08:42','US',369452957),(1407,'Edward ','Pollard','edwardjudsonpollard@gmail.com','1330 Post Oak Blvd','2550','Houston','not mentioned','77056','shopify1435413240445','2015-03-21 02:44:43','2015-08-26 03:08:42','US',369068117),(1408,'Victoria','McDonnell','victoriaj99@yahoo.com','6503 Mesa CAnyon Court','','Katy','not mentioned','77450','shopify1435413240446','2015-03-20 20:46:47','2015-08-26 03:08:42','US',368968973),(1409,'amy','wood','Amywood1313@Mac.com','624 North Solomon','','New Orleans','not mentioned','70119','shopify1435413240447','2015-03-20 00:38:13','2015-08-26 03:08:42','US',368735461),(1410,'Landon','Summers','LandonIV@gmail.com','2149 e San Antonio street','','San Jose','not mentioned','95116','shopify1435413240448','2015-03-19 16:05:55','2015-08-26 03:08:42','US',368598441),(1411,'Jason','Bowman','Jbow9861@gmail.com','6470 Laca st.','','Baton Rouge','not mentioned','70812','shopify1435413240449','2015-03-19 15:47:27','2015-08-26 03:08:42','US',368593381),(1412,'burak','PeKer','burak_peker@hotmail.de','Salomon-idler-straße.1','','Augsburg','not mentioned','86159','shopify1435413241450','2015-03-19 12:10:00','2015-08-26 03:08:42','DE',368522733),(1413,'Renard','Goffin','renardgoffin@yahoo.com','7600 S Kingston Ave','','Chicago','not mentioned','60649','shopify1435413241451','2015-03-19 02:57:07','2015-08-26 03:08:42','US',368448221),(1414,'Cornelius','Mennoh','cmennoh@gmail.com','354 hillside avenue','','staten island','not mentioned','10304','shopify1435413241452','2015-03-18 17:40:18','2015-08-26 03:08:42','US',368299517),(1415,'Ashley','Rhodes','darinreynolds84@icloud.com','29 old mill ct. ','Apt B ','Rockville centre','not mentioned','11570','shopify1435413241453','2015-03-18 16:12:51','2015-08-26 03:08:42','US',368245401),(1416,'Bryant','Savage','shumar242000@yahoo.com','2410 Mamie Dr','','Texarkana ','not mentioned','75501','shopify1435413241454','2015-03-17 23:30:22','2015-08-26 03:08:42','US',368000525),(1417,'Laundon','West','hypekickz1@gmail.com','945 twinkletown rd.','','Memphis','not mentioned','38116','shopify1435413241455','2015-03-17 21:26:16','2015-08-26 03:08:42','US',367965185),(1418,'Karolina','Gołebiewska','stylizacje@me.com','Al.Niepodległości 67/237','','Warszawa','not mentioned','02-626','shopify1435413241456','2015-03-17 19:01:20','2015-08-26 03:08:42','PL',367848053),(1419,'Brian','Antecki','antecki1962@yahoo.com','618 Anacapa St. ','4','Santa Barbara ','not mentioned','93101','shopify1435413241457','2015-03-17 14:18:56','2015-08-26 03:08:42','US',367773737),(1420,'Brandon','Mitchell','Brandon_mitc_123@yahoo.com','4721 Tewkesbury rd.','','Charlotte','not mentioned','28269','shopify1435413241458','2015-03-17 01:48:09','2015-08-26 03:08:43','US',367636841),(1421,'nathan','moonegha','info.precision01@yahoo.co.za','20 timavo drive la lucia','','durban','not mentioned','4051','shopify1435413241459','2015-03-16 12:24:53','2015-08-26 03:08:43','ZA',367257405),(1422,'Darren','Bibbins','dibbyhere@gmail.com','214 Main St #102','','Nyack','not mentioned','10960','shopify1435413241460','2015-03-15 19:14:35','2015-08-26 03:08:43','US',367072849),(1423,'DR Trimaine','Wilson','trimaineplowing@yahoo.com',' 1434 s Marengo Avenue','',' Forest park','not mentioned','60130','shopify1435413241461','2015-03-15 04:37:01','2015-08-26 03:08:43','US',366952413),(1424,'Joey','Guzman','joeg3405@yahoo.com','2902 N. 77th Ct','','Elmwood Park ','not mentioned','60707','shopify1435413241462','2015-03-15 02:43:25','2015-08-26 03:08:43','US',366932277),(1425,'Anselmo','Ruiz','rura0421@yahoo.com','1230 n palm ave ','','Heber','not mentioned','92249','shopify1435413241463','2015-03-14 18:48:30','2015-08-26 03:08:43','US',366839005),(1426,'Donte ','Himes','dhimesballer@yahoo.com','2536 Corian glen','','San Antonio ','not mentioned','78219','shopify1435413241464','2015-03-14 16:40:39','2015-08-26 03:08:43','US',366809381),(1427,'Otis ','Gates','otsgates@aol.com','1017 Breckenridge Dr','','stillwater ','not mentioned','74075','shopify1435413241465','2015-03-14 05:41:31','2015-08-26 03:08:43','US',366394813),(1428,'Well','Morais','wjmorais@hotmail.com','Rua: Alfredo da Silva Guerra Filho','26','São Paulo','not mentioned','05815000','shopify1435413241466','2015-03-14 00:28:01','2015-08-26 03:08:43','BR',366266373),(1429,'James','Debold','jim@absolutelyfresh.com','15380 Nicholas St','','Omaha','not mentioned','68154','shopify1435413241467','2015-03-12 22:51:10','2015-08-26 03:08:43','US',365966589),(1430,'Arnold','De Leon','adeleon.deltaventure@gmail.com','9160 Eden Shores Dr.','','Hayward','not mentioned','94545','shopify1435413241468','2015-03-12 20:03:15','2015-08-26 03:08:43','US',365927785),(1431,'alexander','decuir','alexandernosleep@gmail.com','5162 summit lodge','','katy','not mentioned','77449','shopify1435413241469','2015-03-12 18:43:38','2015-08-26 03:08:43','US',365905861),(1432,'Tyran','Alexander','ledouxforlife@gmail.com','812 Hidden Springs Dr','Apartment B','Clarksville','not mentioned','37042','shopify1435413241470','2015-03-12 17:37:32','2015-08-26 03:08:43','US',365886145),(1433,'charisma','davis','glossy-33@hotmail.com','2948 W. Girard AVe','pa','philadelphia','not mentioned','19130','shopify1435413242471','2015-03-12 12:46:45','2015-08-26 03:08:43','US',365824357),(1434,'Junior','Gotaha','juniorgotaha@gmail.com','C/- Pacwealth Capital Limited','PO Box 1142, Port Moresby, Papua New Guinea','Port Moresby','not mentioned','121','shopify1435413242472','2015-03-12 05:05:01','2015-08-26 03:08:43','PG',365759733),(1435,'Gregory','Brock','greg.brock80@gmail.com','11212 westpark dr','523','houston','not mentioned','77042','shopify1435413242473','2015-03-11 18:41:04','2015-08-26 03:08:43','US',365615285),(1436,'Maria ','Ortega','mvortega15@gmail.com','30 avenue V','11g','Brooklyn','not mentioned','11223','shopify1435413242474','2015-03-11 15:13:23','2015-08-26 03:08:43','US',365568073),(1437,'Jonathan','Woods','jonwoods1990@yahoo.com','46111 saltmarsh ct','','Lexington park','not mentioned','20653','shopify1435413242475','2015-03-11 10:38:30','2015-08-26 03:08:43','US',365529249),(1438,'Vandy','Touch','vandytouch616@gmail.com','2600 kragspough ct ','','holland','not mentioned','49424','shopify1435413242476','2015-03-10 23:14:05','2015-08-26 03:08:43','US',365421777),(1439,'Ron','Brunty','rbrunty66@gmail.com','2906 armil dr','','akron','not mentioned','44312','shopify1435413242477','2015-03-10 20:01:29','2015-08-26 03:08:44','US',365357681),(1440,'maurice ','givens ','ruecru92@gmail.com','3250 Adams st','','Baker','not mentioned','70714','shopify1435413242478','2015-03-10 18:27:57','2015-08-26 03:08:44','US',365307441),(1441,'Cheryl','HOLTON','hosanna2020@comcast.net','2544 North 5th Street','','harrisburg','not mentioned','17110','shopify1435413242479','2015-03-10 15:53:21','2015-08-26 03:08:44','US',365273009),(1442,'DeRon','Malone','deronmalone@yahoo.com','116 Gladstone','','Pontiac','not mentioned','48342','shopify1435413242480','2015-03-10 13:56:08','2015-08-26 03:08:44','US',365249553),(1443,'Rashad','Albert','rashadalbert@yahoo.com','1609 Elsie dr','','murray','not mentioned','84123','shopify1435413242481','2015-03-09 18:42:57','2015-08-26 03:08:44','US',365030181),(1444,'shawn','eppler','mcamoneytalks@gmail.com','722 oberlin Avenue ','','lorain','not mentioned','44052','shopify1435413242482','2015-03-09 06:11:56','2015-08-26 03:08:44','US',364902929),(1445,'willie','housch','houschvb@cox.net','1700 pattington cr','','virginia beach','not mentioned','23454','shopify1435413242483','2015-03-08 16:17:02','2015-08-26 03:08:44','US',364721441),(1446,'Marcus','Fullerton','dope-boy-fresh@live.co.uk','3 Torrington Gardens, PERIVALE','','London','not mentioned','UB6 7ER','shopify1435413242484','2015-03-07 21:24:59','2015-08-26 03:08:44','GB',364515049),(1447,'Michael','Oblitey','bballmastr24@yahoo.com','13887 Walney park dr.','','Chantilly','not mentioned','20151','shopify1435413242485','2015-03-07 18:17:48','2015-08-26 03:08:44','US',364473533),(1448,'rodney','hawkins ','rodneyhawkins18@yahoo.com','444 locust ave.','1','burlington ','not mentioned','08016','shopify1435413242486','2015-03-07 09:11:40','2015-08-26 03:08:44','US',364393705),(1449,'REGINALD','RUSSELL','roc1127@aol.com','1004 Red Lion Ct','','Waldorf','not mentioned','20602','shopify1435413242487','2015-03-06 22:49:52','2015-08-26 03:08:44','US',364268013),(1450,'bjkn','hjbhk','j1moneyflowz@gmail.com',' jhkkn','m kj kj','mn kjk','not mentioned','w1 5pe','shopify1435413242488','2015-03-06 01:33:23','2015-08-26 03:08:44','GB',363988553),(1451,'Marcus','Jackson','M.Jackson2600@hotmail.com','3860 Seton Ave','','Bronx','not mentioned','10466','shopify1435413242489','2015-03-05 19:17:55','2015-08-26 03:08:44','US',363871669),(1452,'Mark','Richard','themarkrichard.mr@gmail.com','34 Woodcross Drive','Apt 222','Columbia','not mentioned','29212','shopify1435413242490','2015-03-05 18:41:28','2015-08-26 03:08:44','US',363861205),(1453,'Bobby','Dearman','barberlife0688@gmail.com','4906 Rand Ave','','Dallas','not mentioned','75216','shopify1435413242491','2015-03-05 14:23:48','2015-08-26 03:08:44','US',363786017),(1454,'Clothing,','shoes, apparel','aleviruet@yahoo.com','1519 w Washington st.','1039 s 15 th st.','Milwaukee','not mentioned','53204','shopify1435413242492','2015-03-05 06:59:32','2015-08-26 03:08:44','US',363695881),(1455,'Jovan','Carter','jovanc19@yahoo.com','4337 9th street ','Unit 3','Fort Wainwright ','not mentioned','99703','shopify1435413242493','2015-03-04 22:22:34','2015-08-26 03:08:44','US',363572237),(1456,'John','Suh','jkwonsays@gmail.com','435 Indio Way','','Sunnyvale','not mentioned','94086','shopify1435413243494','2015-03-04 18:07:41','2015-08-26 03:08:44','US',363497553),(1457,'Gary','Hightower','gary.hightower@verizon.net','7725 Saragosa Creek Drive','','Plano','not mentioned','75025','shopify1435413243495','2015-03-04 03:10:04','2015-08-26 03:08:44','US',363324737),(1458,'Antonio ','alofonso','antonioalfonso2047@yahoo.com','4531 nw  4 st','','miami','not mentioned','33126','shopify1435413243496','2015-03-04 02:48:23','2015-08-26 03:08:44','US',363313413),(1459,'Aneal','Bains','anealbains@gmail.com','34473 valley Oaks Loop','','Union City','not mentioned','94587','shopify1435413243497','2015-03-03 03:57:34','2015-08-26 03:08:44','US',362860917),(1460,'daniel','Martinez','martinez2941@gmail.com','30 ave v','APT 11G','brooklyn','not mentioned','11223','shopify1435413243498','2015-03-03 03:52:51','2015-08-26 03:08:45','US',362860001),(1461,'Terence','Reed','terence.reed@icloud.com','3475 E. Windsor Dr.','','Gilbert','not mentioned','85296','shopify1435413243499','2015-03-02 23:09:07','2015-08-26 03:08:45','US',362784713),(1462,'robert','cortez','robert_cortez35@yahoo.com','225 fluor daniel drive','11306','sugarland ','not mentioned','77479','shopify1435413243500','2015-03-02 21:36:49','2015-08-26 03:08:45','US',362755413),(1463,'Javier','Jordan','javierjordan@live.co.uk','139 Church Road','','London','not mentioned','NW10 9EG','shopify1435413243501','2015-03-02 20:31:29','2015-08-26 03:08:45','GB',362705665),(1464,'josh ','Cole ','joshcole2929@yahoo.com','2705 Braelinn Parkway ','','Helena ','not mentioned','35080','shopify1435413243502','2015-03-02 07:00:28','2015-08-26 03:08:45','US',362462277),(1465,'jesse','gilliam','jraygilliam@yahoo.com','110 robert e. lee blvd','','VICKSBURG','not mentioned','39183','shopify1435413243503','2015-03-02 04:48:50','2015-08-26 03:08:45','US',362443917),(1466,'Ty','Williams','CutByTy@gmail.com','PO Box 7743','','Columbia','not mentioned','29202','shopify1435413243504','2015-03-02 02:35:52','2015-08-26 03:08:45','US',362412869),(1467,'Cheryll','Brown','cheryllbrown2@gmail.com','121  Kenwood Ave','','Rochester','not mentioned','14611','shopify1435413243505','2015-03-02 02:26:08','2015-08-26 03:08:45','US',362410149),(1468,'Jeremiah','Dieujuste','Jmanny80@gmail.com','5059 Quail Run Rd','145','Riverside','not mentioned','92507','shopify1435413243506','2015-03-01 22:50:02','2015-08-26 03:08:45','US',362351885),(1469,'Alethia','Benjamin','b.alethia81@gmail.com','924 nw 13th court','','Fort Lauderdale','not mentioned','33311','shopify1435413243507','2015-03-01 13:37:57','2015-08-26 03:08:45','US',362196753),(1470,'justin','scott','justinscott187@gmail.com','706 east Hamilton','','west Columbia','not mentioned','77486','shopify1435413243508','2015-03-01 01:16:27','2015-08-26 03:08:45','US',362101533),(1471,'N P EKA','PRIHATINI','javierjordan96@icloud.com','139 Church Road','','London','not mentioned','NW10 9EG','shopify1435413243509','2015-02-28 19:42:21','2015-08-26 03:08:45','GB',362024137),(1472,'Donald','Wilmington Jr.','deshawnjames85@yahoo.com','4725 Walton Xing Sw','6113','Atlanta','not mentioned','30331','shopify1435413243510','2015-02-28 01:40:26','2015-08-26 03:08:45','US',361865413),(1473,'Troy','Gilliam','troydamu323@aol.com','3994 South Harvard Blvd','','Los Angeles','not mentioned','90062','shopify1435413243511','2015-02-27 18:30:49','2015-08-26 03:08:45','US',361767461),(1474,'Simente','Gordon','mrsimentegordon@aol.com','15221 Alburtis ave ','','Norwalk ','not mentioned','90650','shopify1435413243512','2015-02-27 07:53:12','2015-08-26 03:08:45','US',361672729),(1475,'DAMASO','FUENTES','onecalldj@gmail.com','2012 30th st se','','ruskin','not mentioned','33570','shopify1435413243513','2015-02-27 02:24:25','2015-08-26 03:08:45','US',361620501),(1476,'Artis','Jackson','artis1428@hotmail.com','901 cougar drive ','','Allen','not mentioned','75013','shopify1435413243514','2015-02-26 03:01:15','2015-08-26 03:08:45','US',361312377),(1477,'Ulrich','LAVIOLETTE','U.laviolette@gmail.com','DESMARTINIERES','','RIVIERE-PILOTE','not mentioned','97211','shopify1435413244515','2015-02-26 00:50:10','2015-08-26 03:08:45','MQ',361270601),(1478,'douglas','Sousa ','bom.corte.ds@gmail.com','Rua Francisco otaviano n 475','','guarulhos','not mentioned','07251710','shopify1435413244516','2015-02-25 22:25:34','2015-08-26 03:08:45','BR',361131345),(1479,'Lekisha','Williams','lekisha10@yahoo.com','5111 Brown Crossing Way','','Powder springs','not mentioned','30127-8900','shopify1435413244517','2015-02-25 22:11:05','2015-08-26 03:08:45','US',361118477),(1480,'Robert','Allen','rallen2026@gmail.com','800 east bobier dr. aptA6','','vista','not mentioned','92084','shopify1435413244518','2015-02-25 20:41:00','2015-08-26 03:08:45','US',361027841),(1481,'Jennifer','Cardoza','pacojenny69@yahoo.com','2016 biglow dr','','Antioch','not mentioned','94509','shopify1435413244519','2015-02-25 20:11:05','2015-08-26 03:08:45','US',360999209),(1482,'Roman','Mamoyan','mamoyan.roman@gmail.com','Yakovleva 107','','Tomsk','not mentioned','634050','shopify1435413244520','2015-02-25 04:34:54','2015-08-26 03:08:46','RU',360757233),(1483,'Wallace','Gainey','bangingtracks@yahoo.com','303 vernon ave','','Brooklyn','not mentioned','11206','shopify1435413244521','2015-02-25 02:46:03','2015-08-26 03:08:46','US',360718545),(1484,'Justin ','Pickett','jpickett86@gmail.com','700 NE 122nd','Apt 4701','OKC','not mentioned','73114','shopify1435413244522','2015-02-24 19:30:49','2015-08-26 03:08:46','US',360604309),(1485,'VENISTON','JOHNSON','e_c_d_s@yahoo.com','2009 parkside dr.','','bowie','not mentioned','20721','shopify1435413244523','2015-02-24 17:17:06','2015-08-26 03:08:46','US',360517333),(1486,'taisser','kallout','taisser.k@hofmail.com','beirut airport ','farran apt ','saida','not mentioned','00961','shopify1435413244524','2015-02-24 15:14:10','2015-08-26 03:08:46','LB',360450749),(1487,'Justin','Ofor','jofor24@gmail.com','5250 brownway st ','2201','Houston','not mentioned','77056','shopify1435413244525','2015-02-24 02:38:34','2015-08-26 03:08:46','US',360351561),(1488,'Rodrigo','Prado','rprado.iphone@gmail.com','221-02 92nd Ave','','Queens Village','not mentioned','11428','shopify1435413244526','2015-02-23 23:35:27','2015-08-26 03:08:46','US',360312793),(1489,'Landon Whitten ','Whitten','landon_whitten@hotmail.com','2614 w commerce rd','','Clinton ','not mentioned','73601','shopify1435413244527','2015-02-23 23:16:43','2015-08-26 03:08:46','US',360308965),(1490,'Tremayne ','Howe','trobiz@hotmail.com','45 Vimy Avenue ','719','Halifax ','not mentioned','B3M4C5','shopify1435413244528','2015-02-23 22:38:23','2015-08-26 03:08:46','CA',360300673),(1491,'Tremayne','Howe','tremaynehowe@icloud.com','45 Vimy Avenue','719','Halifax','not mentioned','B3M4C5','shopify1435413244529','2015-02-23 22:30:59','2015-08-26 03:08:46','CA',360299193),(1492,'Chad','Fields','cfcmoney@gmail.com','7733 Elene Ave','','university city','not mentioned','63130','shopify1435413244530','2015-02-23 16:39:55','2015-08-26 03:08:46','US',360173705),(1493,'Mark ','Myles ','mmylessr@gmail.com','7770 W Glenn Dr','','Glendale','not mentioned','85303','shopify1435413244531','2015-02-23 16:17:52','2015-08-26 03:08:46','US',360168421),(1494,'taisser','kallout','taisser.k@hotmail.com','saida-lebanon','faarran bldg ','saida','not mentioned','00961','shopify1435413244532','2015-02-22 19:14:09','2015-08-26 03:08:46','LB',359942505),(1495,'mauricio','oliveira','maullcrs@outlook.com','rosa albone','120403','sao paulo','not mentioned','011','shopify1435413244533','2015-02-22 16:44:03','2015-08-26 03:08:46','BR',359909633),(1496,'Carlida','Racy','carlidaracy@gmail.com','1715 olive ln','','Antioch','not mentioned','94509','shopify1435413244534','2015-02-22 04:04:56','2015-08-26 03:08:46','US',359824641),(1497,'Quinton','Mathis','quinton.mathis@gmail.com','18811 20th AVE SE','','Bothell','not mentioned','98012','shopify1435413244535','2015-02-21 22:58:05','2015-08-26 03:08:46','US',359760789),(1498,'Michael','Link','m.d.link24@gmail.com','4259 W. Swamp Rd.','108','Doylestown','not mentioned','18902','shopify1435413244536','2015-02-20 21:27:16','2015-08-26 03:08:46','US',359486105),(1499,'Guarionex','Guerrero','guarogee@aol.com','230 E. 167th Street','3H','Bronx','not mentioned','10456','shopify1435413245537','2015-02-20 01:29:46','2015-08-26 03:08:46','US',359243893),(1500,'Lucas ','Moraes','lucasribeiro33@gmail.com','Rua Augusto César Vanucci','31','Piracicaba','not mentioned','19984076559','shopify1435413245538','2015-02-20 01:18:44','2015-08-26 03:08:46','BR',359241493),(1501,'Stephen','Pyatt jr ','stephmp06@yahoo.com','68 Floyd ','','Deer park ','not mentioned','11729','shopify1435413245539','2015-02-19 18:25:01','2015-08-26 03:08:46','US',359132021),(1502,'Tinomuwonga ','Zishiri','tz_investments@yahoo.co.uk','Crowne Plaza TIMES SQUARE MANHATTAN','1605 BROADWAY, AT 49TH STREET','NEW YORK CITY US','not mentioned','10019','shopify1435413245540','2015-02-19 09:08:02','2015-08-26 03:08:46','US',358984801),(1503,'michael','bahe','shyboy2006@gmail.com','Po box A673','','Tsaile ','not mentioned','86556','shopify1435413245541','2015-02-18 21:29:16','2015-08-26 03:08:46','US',358869105),(1504,'ALI','BRYANT','dablkpapi85@gmail.com','2070 62nd st north','1309','clearwater','not mentioned','33760','shopify1435413245542','2015-02-18 13:34:28','2015-08-26 03:08:47','US',358638149),(1505,'Scott','Selig','supertinman@aol.com','1298 vallombrosa','','Chico','not mentioned','95926','shopify1435413245543','2015-02-18 03:13:41','2015-08-26 03:08:47','US',358572113),(1506,'Christopher','Cage','ccage112@gmail.com','1328 East 114th street','#290','Los Angeles','not mentioned','90059','shopify1435413245544','2015-02-17 21:52:31','2015-08-26 03:08:47','US',358505149),(1507,'Lance','Finch','flance81@yahoo.com','457 driftwood Ln','','Fairfax','not mentioned','52228','shopify1435413245545','2015-02-16 06:09:07','2015-08-26 03:08:47','US',358048341),(1508,'Uriah ','McBryde','Uriah.McBryde@hotmail.com','819 D Ave.','Apt #204','National City','not mentioned','91950','shopify1435413245546','2015-02-16 04:30:50','2015-08-26 03:08:47','US',358034085),(1509,'Michael','Robinson','lefty2521@gmail.com','5311 remmell ave','','baltimore','not mentioned','21206','shopify1435413245547','2015-02-16 02:26:48','2015-08-26 03:08:47','US',358010237),(1510,'Corey','Bradley','cbradley2011@gmail.com','133 Azalea Ct','','Largo','not mentioned','20774','shopify1435413245548','2015-02-16 00:19:36','2015-08-26 03:08:47','US',357985817),(1511,'rodney','hill','diandre.hill@yahoo.com','6606 s bell ave','','chicago','not mentioned','60636','shopify1435413245549','2015-02-15 17:32:15','2015-08-26 03:08:47','US',357878157),(1512,'Anjo ','Pascual','eanjo7@yahoo.com','820 Burgos Extension','','Cabanatuan','not mentioned','3100','shopify1435413245550','2015-02-14 23:48:14','2015-08-26 03:08:47','PH',357755489),(1513,'Otis','Gates','gatesrealty@gmail.com','1017 Breckenridge Dr ','','Stillwater ','not mentioned','74075','shopify1435413245551','2015-02-14 17:58:16','2015-08-26 03:08:47','US',357685689),(1514,'Tylar','Corpuz','tylarcorpuz@aol.com','34691 Dalea rd ','','Winchester','not mentioned','92596','shopify1435413245552','2015-02-14 06:48:37','2015-08-26 03:08:47','US',357605169),(1515,'ron','brunty','ghstriderhd@gmail.com','2906 armil dr ','','akron','not mentioned','44312','shopify1435413245553','2015-02-13 20:43:15','2015-08-26 03:08:47','US',357508393),(1516,'mikhail','Gallian','mgallian87@gmail.com','3198 parkwood blvd','11077','Frisco','not mentioned','75034','shopify1435413245554','2015-02-13 19:45:20','2015-08-26 03:08:47','US',357492693),(1517,'Ruby','Zuniga','rubymz@prodigy.net','7600 S eastern ave ','','Bell Gardens ','not mentioned','90201','shopify1435413245555','2015-02-13 17:25:17','2015-08-26 03:08:47','US',357457997),(1518,'Devin','Garnes','dgarnes1025@gmail.com','608 Weston Arch','','Chesapeake','not mentioned','23325','shopify1435413245556','2015-02-12 10:22:38','2015-08-26 03:08:47','US',357072169),(1519,'alvin','mcmillian','mcmenterprisesllc@yahoo.com','3145 n. claiborne ave.','','neworleans','not mentioned','70117','shopify1435413245557','2015-02-12 01:54:47','2015-08-26 03:08:47','US',357005741),(1520,'DeMarlos','Beasley ','demarlosbeasley@gmail.com','18824 bent willow circle ','apt 324','Germantown md ','not mentioned','20874','shopify1435413245558','2015-02-11 03:43:25','2015-08-26 03:08:47','US',356763589),(1521,'santiago','espinoza','santiago1116@live.com','565 joliette','','montreal','not mentioned','H1W3E3','shopify1435413245559','2015-02-10 22:16:34','2015-08-26 03:08:47','CA',356676425),(1522,'Heather','mitchell','poloa@hairdresser.net','7001 w Charleston blvd','2018','las vegas','not mentioned','89117','shopify1435413246560','2015-02-10 02:26:27','2015-08-26 03:08:47','US',356346105),(1523,'Ryan','Jett','Rjett21@gmail.com','1530 Overland Park ln','Suite 103','Charlotte ','not mentioned','28262','shopify1435413246561','2015-02-09 15:34:57','2015-08-26 03:08:47','US',356140561),(1524,'Malcolm','Wilson','malcolmwilson86@yahoo.com','716 Zimalcrest Dr','2910','Columbia','not mentioned','29210','shopify1435413246562','2015-02-09 00:14:31','2015-08-26 03:08:47','US',356016905),(1525,'Daniel','Fawcett','dan.fawc@gmail.com','12 Hull avenue ','','Staten Island ','not mentioned','10306','shopify1435413246563','2015-02-08 17:38:38','2015-08-26 03:08:47','US',355924245),(1526,'Leona','Šťastná','leasec@centrum.cz','Gebauerova 1707','','Pardubice','not mentioned','530 03','shopify1435413246564','2015-02-08 15:25:16','2015-08-26 03:08:48','CZ',355896333),(1527,'rossi','mario','r.m.mario@gmail.com','majest 21','','cologno monzese','not mentioned','20100','shopify1435413246565','2015-02-07 19:41:36','2015-08-26 03:08:48','IT',355731445),(1528,'Santhosh','Kumar','santhoshkumar340@mail.com','no; 17/4, village street, ennore chennai','','chennai','not mentioned','600057','shopify1435413246566','2015-02-07 08:06:09','2015-08-26 03:08:48','IN',355548297),(1529,'Barry','Jones','billionJones87@gmail.com','6173 village park Rd ','','Memphis','not mentioned','38141','shopify1435413246567','2015-02-07 05:58:46','2015-08-26 03:08:48','US',355537337),(1530,'Rashawna ','Wiltshire','juane_11093@yahoo.com','340 clearview circle','','McDonough ','not mentioned','30253','shopify1435413246568','2015-02-07 03:50:07','2015-08-26 03:08:48','US',355518969),(1531,'melvin','lashley','exclusiveauto2@gmail.com','41 hawk rise lane ','202','owings mills','not mentioned','21117','shopify1435413246569','2015-02-06 22:49:08','2015-08-26 03:08:48','US',355464397),(1532,'RAYMOND','DAVIS','ITSBIGGERTHANME@MSN.COM','2100 n main st','','walnut creek','not mentioned','94596','shopify1435413246570','2015-02-05 18:21:38','2015-08-26 03:08:48','US',355039109),(1533,'Shannon ','Navarro ','mrnavarro30@gmail.com','3654 Beckham  Drive','','Shreveport','not mentioned','71104','shopify1435413246571','2015-02-05 13:39:06','2015-08-26 03:08:48','US',354971549),(1534,'ron','pass','ronpass13@gmail.com','200 king','','lynnfield','not mentioned','01940','shopify1435413246572','2015-02-03 18:40:56','2015-08-26 03:08:48','US',354506977),(1535,'salvatore','passariello','ronpass13@aol.com','226 s mail street','b','middletom','not mentioned','01949','shopify1435413246573','2015-01-31 22:29:36','2015-08-26 03:08:48','US',353850557),(1536,'Anthony','Malchiodi','newlifewellness1@aol.com','231 Shadywood Lane','','Elk Grove Village','not mentioned','60007','shopify1435413246574','2015-01-31 15:54:47','2015-08-26 03:08:48','US',353766317),(1537,'Chris','Richardson','cmrsr1@yahoo.com','532 North Revere Road','','Akron','not mentioned','44333','shopify1435413246575','2015-01-30 14:42:35','2015-08-26 03:08:48','US',353516057),(1538,'Krishna','kumar','kumar.mogasale@gmail.com','Kumaramangala','hoasd as','mangalore','not mentioned','36006','shopify1435413246576','2014-12-24 11:55:39','2015-08-26 03:08:48','US',344650369),(1540,'Traveon','Daniels','traveon@goodhopebags.com','5911 Schaefer ave','','Chino','not mentioned','91710','shopify14357283061','2015-07-01 00:16:18','2015-08-26 03:08:20','US',865073537),(1541,'Gary','Hightower','gary.hightower@acegroup.com','7725 Saragosa Creek Drive','','Plano','not mentioned','75025','shopify14357283062','2015-06-30 04:10:53','2015-08-26 03:08:20','US',858796865),(1542,'Paul','Kelly','paulskjr@gmail.com','3232 Lillian Place','','Fayetteville','not mentioned','28306','shopify14357283063','2015-06-29 23:51:42','2015-08-26 03:08:20','US',857528513),(1543,'Cameron','Strode','cstrode09@gmail.com','300 Western ave APT #C221','','Lansing','not mentioned','48917','shopify14357283064','2015-06-29 10:17:55','2015-08-26 03:08:20','US',852769793),(1544,'Olegario','Aguilar','olitoaguilar747@gmail.com','3406 Nuggent St','','Houston','not mentioned','77093','shopify14357283065','2015-06-29 04:08:51','2015-08-26 03:08:20','US',851849281),(1545,'Brandon','Lampkin','lampkinbrandon@gmail.com','35590 Margaret','Apt 110','Detroit','not mentioned','48174','shopify14357283066','2015-06-28 19:33:02','2015-08-26 03:08:20','US',849441601),(1546,'Cyrus','Rolling','locknroll@verizon.net','4805 Raemore Lane','','Bowie','not mentioned','20715','shopify14357283067','2015-06-27 15:56:37','2015-08-26 03:08:20','US',843627585),(1547,'Robert','Bishara','robert.bishara@yahoo.com','2728 McKinnon St., apt #907','','DALLAS','not mentioned','75201','shopify14367913161','2015-07-12 21:49:41','2015-08-26 03:08:17','US',951643841),(1548,'Halbert','Robinson','hal224465@yahoo.com','1885 fm275','','Emory','not mentioned','75440','shopify14367913162','2015-07-12 21:19:55','2015-08-26 03:08:17','US',951481921),(1549,'Skytoneo','Briggs','Skytoneo34@gmail.com','28 Elderberry Court','','Baltimore','not mentioned','21228','shopify14367913163','2015-07-12 07:44:56','2015-08-26 03:08:17','US',948593537),(1550,'Dion','Jordan','jordandion@yahoo.com','8435 Miguel Way','','Elverta','not mentioned','95626','shopify14367913164','2015-07-12 01:48:53','2015-08-26 03:08:17','US',947600961),(1551,'Ryan','Zen','iamryanzen@gmail.com','5335 N Macarthur Blvd ','APT#1113','Irving','not mentioned','75038','shopify14367913175','2015-07-11 23:06:59','2015-08-26 03:08:17','US',946876097),(1552,'Jose','Morales','jose.a.morales.m@gmail.com','96','B','Salem','not mentioned','03079','shopify14367913176','2015-07-11 13:27:56','2015-08-26 03:08:17','US',942961857),(1553,'Udit ','Gupta','udit85@gmail.com','49 Mariposa Gardens, Success','','Perth','not mentioned','6164','shopify14367913177','2015-07-11 05:09:49','2015-08-26 03:08:17','AU',941697601),(1554,'Kyle','Robuck','krobuck@centralmethodist.edu','1503 Maffry Ave Apt C','Apt C','Macon ','not mentioned','63552','shopify14367913178','2015-07-10 23:33:25','2015-08-26 03:08:17','US',939715457),(1555,'luis','chacon','louier88@gmail.com','86 ellery st ','3rd floor','providence ','not mentioned','02909','shopify14367913179','2015-07-10 17:52:36','2015-08-26 03:08:17','US',937128833),(1556,'Parker','Goodman','parkergrantgoodman@gmail.com','1411 Stadium Drive','','Seymour','not mentioned','47274','shopify143679131710','2015-07-10 17:17:42','2015-08-26 03:08:17','US',936922177),(1557,'Marlon','Mitchell','mmitchell9590@gmail.com','1451 Centre Place Dr.','#382','Denton','not mentioned','76205','shopify143679131711','2015-07-10 06:31:50','2015-08-26 03:08:17','US',934376833),(1558,'sandesh','shetty','sandesh357@yahoo.com','28 Schneider Lane','','Montville','not mentioned','07045','shopify143679131712','2015-07-09 23:50:05','2015-08-26 03:08:17','US',931277057),(1559,'Geriuana','Norris','janae.lowe9@gmail.com','1420 Hydaburg Lane','','Norcross','not mentioned','30093','shopify143679131713','2015-07-09 19:48:48','2015-08-26 03:08:17','US',929957761),(1560,'Tyrese','Hendrix','tyresehendrix@yahoo.com','5635 Elwood Cir','','Flowery Branch','not mentioned','30542','shopify143679131714','2015-07-09 16:08:17','2015-08-26 03:08:17','US',928380097),(1561,'Richard','Garcia Fonseca','bilosgafo666@gmail.com','(G006446) 7630 NW 25 Street # 2B','','Miami','not mentioned','33122','shopify143679131715','2015-07-09 07:44:45','2015-08-26 03:08:17','US',926643713),(1562,'Paa','Kay','paak9493@yahoo.com','6240 Algon Ave','Apt B','Philadelphia','not mentioned','19111-5801','shopify143679131716','2015-07-09 06:03:42','2015-08-26 03:08:18','US',926428161),(1563,'cristian','marquez ','chick007xxx@hotmail.com','155 tiger LN ','','San jacinto ','not mentioned','92583','shopify143679131717','2015-07-08 23:12:51','2015-08-26 03:08:18','US',924543873),(1564,'Ray','Gutierrez','rr22qt@yahoo.com','20528 Hartland st','Apt 14','winnetka','not mentioned','91306-3838','shopify143679131718','2015-07-08 17:43:09','2015-08-26 03:08:18','US',922159873),(1565,'Keshawn','James','keshawnjames14@Gmail.com','126 Berkeley Terr','','Plainfield ','not mentioned','07062','shopify143679131719','2015-07-08 17:19:31','2015-08-26 03:08:18','US',922027009),(1566,'Esteban','Henao','surgmax@hotmail.com','9200 Bluewood Lane NE','','Albuquerque','not mentioned','87122','shopify143679131720','2015-07-08 13:52:26','2015-08-26 03:08:18','US',920934721),(1567,'Clemont',' Mills','clemontemills@gmail.com','3129 Chesswood Lane ','','Winterville ','not mentioned','28590','shopify143679131721','2015-07-08 03:53:03','2015-08-26 03:08:18','US',918991745),(1568,'clementina','zavala','tina23861@hotmail.com','301 quail cove ln #28 d','','flat rock','not mentioned','28731','shopify143679131722','2015-07-08 00:30:56','2015-08-26 03:08:18','US',916888769),(1569,'Kifano','Thomas','kif159@gmail.com','17 Vroom Street','Apt. 6','Jersey City','not mentioned','07306','shopify143679131823','2015-07-07 14:07:07','2015-08-26 03:08:18','US',912930433),(1570,'esmail','safdarian','safdariane@gmail.com','1821 N.ARLINGTON PL','','Milwaukee','not mentioned','53202','shopify143679131824','2015-07-07 04:58:20','2015-08-26 03:08:18','US',910987329),(1571,'ali','karimi','akce83@gmail.com','1836 berkshire dr','','fullerton','not mentioned','92833','shopify143679131825','2015-07-06 23:05:15','2015-08-26 03:08:18','US',909168897),(1572,'Julie','Garwood','gar12sites@hotmail.com','117 Wilson St West','','Ancaster','not mentioned','L9G 1N4','shopify143679131826','2015-07-06 20:49:02','2015-08-26 03:08:18','CA',908311233),(1573,'Jon','Skidmore','jon.skidmore1@gmail.com','P.O. Box 775','','Stanton','not mentioned','40380','shopify143679131827','2015-07-06 19:30:58','2015-08-26 03:08:18','US',907847681),(1574,'Woodrow','Bennett','woodybennett@bellsouth.net','5678 Saddle Trail Ln','','Lake Worth','not mentioned','33449','shopify143679131828','2015-07-06 19:28:41','2015-08-26 03:08:18','US',907834177),(1575,'joe','cook','rp@aol.com','223 cox','','middleton','not mentioned','01949','shopify143679131829','2015-07-06 17:10:05','2015-08-26 03:08:18','US',907039809),(1576,'Michael ','Bouchard','mikebouchard2004@hotmail.com','2303 Pyle Street','','Wilmington ','not mentioned','19805','shopify143679131830','2015-07-06 15:41:03','2015-08-26 03:08:19','US',906558849),(1577,'Brenda ','Bishaw','ryleebish23@gmail.com','1631 10th ave ','','Greeley','not mentioned','80631','shopify143679131831','2015-07-06 03:34:23','2015-08-26 03:08:19','US',904505409),(1578,'Jerel','Ellegood','jerel.ellegood@gmail.com','762 19th St. NE','','Washington DC ','not mentioned','20002','shopify143679131832','2015-07-06 02:21:28','2015-08-26 03:08:19','US',904145921),(1579,'Roy','Weaver','weaverroy85@gmail.com','23200 riverside dr','431','Southfield','not mentioned','48033','shopify143679131833','2015-07-05 22:17:35','2015-08-26 03:08:19','US',902827137),(1580,'Richard','Brown','brownrich72@gmail.com','8857 Osterly Court','','White Plains ','not mentioned','20695','shopify143679131834','2015-07-05 20:24:39','2015-08-26 03:08:19','US',902245249),(1581,'Sanimir','Piric','sanicivic@yahoo.com','5145 W. Sanna St.','','Glendale','not mentioned','85302','shopify143679131835','2015-07-05 19:57:32','2015-08-26 03:08:19','US',902104961),(1582,'Timote','Tupou','timotetupou1980@gmail.com','2303 Tiffany dr.','','Copperas Cove','not mentioned','76522','shopify143679131836','2015-07-05 17:58:56','2015-08-26 03:08:19','US',901496449),(1583,'Randall','Greene','randallkgreene@gmail.com','1006 Ox Bow Ln','','Dallas','not mentioned','75241','shopify143679131837','2015-07-05 03:31:20','2015-08-26 03:08:19','US',897787713),(1584,'Brandon','Hunter','branhun@yahoo.com','5855 valley dr ','Unit 2081','North Las Vegas ','not mentioned','89031','shopify143679131838','2015-07-05 00:47:49','2015-08-26 03:08:19','US',897215617),(1585,'Erlan','Zavala','eazavala1999@yahoo.com','1301 Loma verde','','El Paso ','not mentioned','79936','shopify143679131839','2015-07-05 00:19:19','2015-08-26 03:08:19','US',897107777),(1586,'Domiano','English','domiano96@gmail.com','124 lonesome dove ln ','','Forney ','not mentioned','75126','shopify143679131840','2015-07-04 06:41:06','2015-08-26 03:08:19','US',892981185),(1587,'Deshea','Spurgeon','desheaspurgeon@gmail.com','5934 Timbertop ln.','','Charlotte','not mentioned','28215','shopify143679131941','2015-07-04 00:04:09','2015-08-26 03:08:19','US',891408577),(1588,'Johan','Roberts','able24give@hushmail.com','2731 Vauxhall Road','','Union','not mentioned','07083','shopify143679131942','2015-07-03 20:08:26','2015-08-26 03:08:19','US',890242049),(1589,'Amariah','Linton','amariahlinton@gmail.com','7 Newman terrace Clarendon grove Mitcham Surrey','','london','not mentioned','CR4 2PL','shopify143679131943','2015-07-03 10:03:37','2015-08-26 03:08:19','GB',886142273),(1590,'Amariah','Linton','aishahakimi@icloud.com','7 Newman terrace Clarendon grove Mitcham Surrey','','london','not mentioned','CR4 2PL','shopify143679131944','2015-07-03 06:18:18','2015-08-26 03:08:19','GB',885625025),(1591,'Amariah','Linton','amaraihlinton@gmail.com','7 Newman terrace Clarendon grove','Mitcham Surrey ','London','not mentioned','CR4 2PL','shopify143679131945','2015-07-03 06:15:32','2015-08-26 03:08:19','GB',885612673),(1592,'Joseph','DI Millo','giodimillo@me.com','200 Livingston Ave','','Grimsby','not mentioned','L3M 4V8','shopify143679131946','2015-07-02 23:51:52','2015-08-26 03:08:19','CA',883748865),(1593,'Judith','Fitzgerald','arising651@aol.com','651 madison Street','','Brooklyn','not mentioned','11221','shopify143679131947','2015-07-02 17:58:43','2015-08-26 03:08:19','US',880886529),(1594,'Derique','Cary','caryderique@yahoo.com','1328 Williamsburg Street','','Wichita','not mentioned','67208','shopify143679131948','2015-07-02 08:53:58','2015-08-26 03:08:19','US',877790849),(1595,'Martin ','Tanski','idrivegreenville@gmail.com','117 Baker St','','Greenville ','not mentioned','27858','shopify143679131949','2015-07-02 06:56:40','2015-08-26 03:08:19','US',877347393),(1596,'rene','graham','renegraham@sbcglobal.net','3224 stone briar drive','','south bend','not mentioned','46628','shopify143679131950','2015-07-02 04:18:37','2015-08-26 03:08:19','US',876650625),(1597,'Christopher','Lewis','chrislewis31@hotmail.com','78 HIGHPARK AVENUE','','KITCHENER','not mentioned','N2C 2C2','shopify143679131951','2015-07-02 02:31:18','2015-08-26 03:08:20','CA',875998721),(1598,'Mario','Barrett','Magic.city@aol.com','2925 NW 130th Ave','321','Sunrise ','not mentioned','33323','shopify143679131952','2015-07-02 01:14:42','2015-08-26 03:08:20','US',875504769),(1599,'michael','rainey','michael.rainey@selmacityschools.org','2004a Woodrow East apt','2004a Woodrow East apt','selma','not mentioned','36701','shopify143679131953','2015-07-02 01:00:38','2015-08-26 03:08:20','US',875409217),(1600,'Eduardo','Morado','morado.lalo13@gmail.com','400 33rd St','','Snyder','not mentioned','79549','shopify143679131954','2015-07-02 00:02:13','2015-08-26 03:08:20','US',875061633),(1601,'Richard','Smallwood','buddycolvin@mac.com','5805 Hillmeade Road','','Bowie','not mentioned','20720','shopify143679131955','2015-07-02 00:01:26','2015-08-26 03:08:20','US',875058113),(1602,'Jill','OConnor','revelon4@aol.com','452 Quincy Avenue','Pvt','Bronx','not mentioned','10465','shopify143679131956','2015-07-01 16:35:21','2015-08-26 03:08:20','US',871789249),(1603,'noah','carr','daboyishot24@yahoo.com','5623 hamilton wolfe rd. apt 131','','san antonio','not mentioned','78240','shopify143679131957','2015-07-01 15:46:09','2015-08-26 03:08:20','US',871251521),(1604,'Prince','Kwapong','amprincegh@gmail.com','P.O. Box 340 adabraka -Ghana','','Accra ','not mentioned','00233','shopify143679131958','2015-07-01 12:56:28','2015-08-26 03:08:20','GH',870175041),(1605,'Prince','Kwapong','amprincegh@gmail.co','P.O. Box 340 adabraka -Ghana','','Accra ','not mentioned','00233','shopify143679131959','2015-07-01 12:56:00','2015-08-26 03:08:20','GH',870173377),(1606,'Jovan','Diaz','jovansdiazz@yahoo.com','5723 Cimarron St','','Los Angeles','not mentioned','90062-2523','shopify14369669211','2015-07-15 06:31:49','2015-08-26 03:08:16','US',967231937),(1607,'Jalen ','Joseph','jalenjoseph66@gmail.com','801 Ledoux St.','','St.Martinville ','not mentioned','70582','shopify14369669212','2015-07-15 01:44:54','2015-08-26 03:08:16','US',966089409),(1608,'Shirley','Thomas','shirleyt96@live.com','39 poplar avenue oldbury','','Oldbury','not mentioned','b691RQ','shopify14369669213','2015-07-14 21:56:06','2015-08-26 03:08:16','GB',964819841),(1609,'juanluis','bermudez','jlb0709@gmail.com','64 Alden Ave','','Enfield','not mentioned','06082-2865','shopify14369669214','2015-07-14 12:14:45','2015-08-26 03:08:16','US',961330113),(1610,'Rick','Parker','rickjr1549@yahoo.com','7436 N. Atkins Ave.','','Kansas City ','not mentioned','64152','shopify14369669215','2015-07-14 01:09:11','2015-08-26 03:08:16','US',959188417),(1611,'Karl','Purcell','purcellkmworldwide@gmail.com','661 east 84 street','','Brooklyn','not mentioned','11236','shopify14369669216','2015-07-14 00:08:39','2015-08-26 03:08:16','US',958867649),(1612,'Sandy','Huang-Gutierrez','Sandynik@sbcglobal.net','18213 Fairview Lane','','Torrance','not mentioned','90504','shopify14369669217','2015-07-13 23:47:27','2015-08-26 03:08:16','US',958754113),(1613,'Rohan','William','tashkash007@hotmail.co.uk','7','','Dudley','not mentioned','Dy27la','shopify14369669218','2015-07-13 23:20:45','2015-08-26 03:08:16','GB',958613569),(1614,'Brad','Inmon','BradInmon08@gmail.com','6357 Cammie St','','Brooksville','not mentioned','34602','shopify14369669219','2015-07-13 16:34:07','2015-08-26 03:08:16','US',956082177),(1615,'Alan','Aguirre Contreras','alan.aguirre88@gmail.com','Mineral de agua blanca #15531','Real de Minas','Chihuahua','not mentioned','31109','shopify143696692210','2015-07-13 13:38:35','2015-08-26 03:08:16','MX',955030785),(1616,'Robert ','Muir','tremuir@hotmail.com','3467 Pimlico Pkwy ','A','Lexington ','not mentioned','40517','shopify14404241281','2015-08-24 10:49:08','2015-08-26 03:05:45','US',1245000193),(1617,'Antonio','Dimidis','charliecurtains@gmail.com','64 Challenger Rd','2nd floor','ridgefield park','not mentioned','07660','shopify14404241282','2015-08-24 03:54:26','2015-08-26 03:05:45','US',1243915137),(1618,'Melody ','Wilson','c.wilson@maryvuitton.com','616 S GRAND AVE','','WOLFE CITY','not mentioned','75496','shopify14404241283','2015-08-24 03:27:08','2015-08-26 03:05:45','US',1243794753),(1619,'Xavier','Hall','x12587@gmail.com','2701 Bay area blvd #3310','3310','webster','not mentioned','77598','shopify14404241284','2015-08-23 16:25:47','2015-08-26 03:05:45','US',1240040513),(1620,'Jason','Russell','llessuresaj@gmail.com','111 Founders Plaza Suite 102','','East Hartford','not mentioned','06108','shopify14404241285','2015-08-23 03:14:21','2015-08-26 03:05:45','US',1237483201),(1621,'Juan','Solis','nramj1186@yahoo.com','123-05 115 avenue','','South Ozone Park','not mentioned','11420','shopify14404241286','2015-08-22 20:38:37','2015-08-26 03:05:45','US',1235430017),(1622,'Christopher ','Harmon','chrisharmon1222@icloud.com','10 Loran Court ','','Elkton ','not mentioned','21921','shopify14404241287','2015-08-22 17:18:06','2015-08-26 03:05:45','US',1234140033),(1623,'Erik','Brizuela ','erikbriz909@yahoo.com','9356 gainford st','','Downey ','not mentioned','90240','shopify14404241298','2015-08-22 14:30:27','2015-08-26 03:05:45','US',1233159809),(1624,'Branden','Sabbath','terrell415@gmail.com','2401 Panoramic Dr','','Concord','not mentioned','94520-1320','shopify14404241299','2015-08-22 07:11:46','2015-08-26 03:05:46','US',1231912257),(1625,'Tawana','Joseph','SKIN2324@GMAIL.COM','63 EAST MAIN ST','','STATESBORO','not mentioned','30458','shopify144042412910','2015-08-22 03:09:30','2015-08-26 03:05:46','US',1231161793),(1626,'Peter','Sherlock','psherlock2@gmail.com','1501 Madison Street','# 412','Oakland','not mentioned','94612','shopify144042412911','2015-08-22 03:05:15','2015-08-26 03:05:46','US',1231142913),(1627,'Lamonte','Grimstead','vaboy91@gmail.com','1501 Lynnhaven Parkway','Suite 109','Virginia Beach','not mentioned','23462','shopify144042412912','2015-08-22 02:55:24','2015-08-26 03:05:46','US',1231097217),(1628,'Jim','Lake','jimlake4130@gmail.com','18651 n 13th ave','','Phoenix','not mentioned','85027','shopify144042412913','2015-08-22 02:18:47','2015-08-26 03:05:46','US',1230922497),(1629,'Albert','Henderson','albert.henderson0589@gmail.com','2925 e 7st','apt 404','long beach','not mentioned','90804','shopify144042412914','2015-08-22 01:26:34','2015-08-26 03:05:46','US',1230129345),(1630,'Lonnie','Coppock','Ohmesha@bellsouth.net','91 pine valley road','','Savannah ','not mentioned','31404','shopify144042412915','2015-08-21 20:57:22','2015-08-26 03:05:46','US',1228236225),(1631,'stwven','mulkins','jerseygirl1956@att.net','300 maydensprvimgfiespringfield','','springfield','not mentioned','62707','shopify144042412916','2015-08-21 19:20:00','2015-08-26 03:05:46','US',1227674881),(1632,'Isaiah','Boone','isaiahboone747@gmail.com','3 karemark drive ','','burlington','not mentioned','08016','shopify144042412917','2015-08-21 14:42:24','2015-08-26 03:05:46','US',1225547201),(1633,'Amber','Turner','ambies42@gmail.com','3316 Hwy 267 S','','McRae','not mentioned','72102','shopify144042412918','2015-08-21 14:30:56','2015-08-26 03:05:46','US',1225447681),(1634,'Lawrence','Melton','larrymelton1392@gmail.com','695 South 11th Street','10','San Jose','not mentioned','95112','shopify144042413019','2015-08-21 04:31:53','2015-08-26 03:05:46','US',1222738689),(1635,'kelvin','jones','.kelvinlamar@gmail.com','200 lacey ave ','','maylene','not mentioned','35114','shopify144042413020','2015-08-20 19:38:37','2015-08-26 03:05:46','US',1219682881),(1636,'Lindsay','Burge','linzgirl28@hotmail.com','1079 S. Keller Pl. ','','Kennewick ','not mentioned','99338','shopify144042413021','2015-08-20 16:43:29','2015-08-26 03:05:46','US',1218265473),(1637,'Tonya','Williams','tonya1aka08@yahoo.com','244 CAMBRIAN RIDGE TRAIL','','PELHAM','not mentioned','35124','shopify144042413022','2015-08-20 15:10:50','2015-08-26 03:05:46','US',1217410817),(1638,'Afona','Gebre','afonagebre@yahoo.com','4145 keepsake ct','','Tracy','not mentioned','95377','shopify144042413023','2015-08-20 06:48:13','2015-08-26 03:05:46','US',1214852033),(1639,'Mariesha ','Walters','Jada_amor@yahoo.com','38272 11th St East','#208','Palmdale ','not mentioned','93550','shopify144042413024','2015-08-19 23:59:40','2015-08-26 03:05:46','US',1212502849),(1640,'Houssam ','Darraj','hussam-d@hotmail.com','133 Rue D\'Augusta','2','Gatineau','not mentioned','J9H 0A4','shopify144042413025','2015-08-19 23:01:15','2015-08-26 03:05:46','CA',1212135489),(1641,'Mark','Kane','miguelanddan@gmail.com','2311 Thatcher Street','','Wilmington ','not mentioned','19802','shopify144042413026','2015-08-19 21:59:48','2015-08-26 03:05:46','US',1211761793),(1642,'Robert','Randolph III','rrandol1@hotmail.com','6565 Carolot','','Bartlett','not mentioned','38135','shopify144042413027','2015-08-19 16:57:40','2015-08-26 03:05:46','US',1209552833),(1643,'Van','Kham','kyawbiak@gmail.com','751 N indian Creek APT 217','','CLARKSTON','not mentioned','30021','shopify144042413028','2015-08-19 10:50:46','2015-08-26 03:05:46','US',1207954817),(1644,'Bassel','Malaeb','bmalaeb@live.com','8223 hull street rd','','Richmond','not mentioned','23235','shopify144042413029','2015-08-19 04:53:20','2015-08-26 03:05:46','US',1207141953),(1645,'Jelani','Sawyer','jnaeem31@gmail.com','13206 Parkview Ln','','Alpharetta','not mentioned','30005','shopify144042413130','2015-08-19 03:07:11','2015-08-26 03:05:46','US',1206245825),(1646,'Pat','Paytas','Paytaspat@yahoo.com','108 silver maples dr','','Harriman','not mentioned','10926','shopify144042413131','2015-08-19 01:16:16','2015-08-26 03:05:46','US',1204739009),(1647,'bryan ','Hector','bryan.hector7@gmail.com','1040 owasco rd','','West hempstead','not mentioned','11552','shopify144042413132','2015-08-18 22:11:43','2015-08-26 03:05:47','US',1203415105),(1648,'Ashley ','Thomas','athomic123@gmail.com','8607 jones maltsberger rd','707','San Antonio ','not mentioned','78216','shopify144042413133','2015-08-18 21:52:01','2015-08-26 03:05:47','US',1203315905),(1649,'jorge','montes ramirez','jorge.ramz.m@gmail.com','avenida santa cruz nieto 85','santa cruz nieto','san juan del rio queretaro','not mentioned','76800','shopify144042413134','2015-08-18 20:40:19','2015-08-26 03:05:47','MX',1202892609),(1650,'Ikechi','Adiuku','ikeadiuku4@gmail.com','11434 ashford willow ','','Sugar land ','not mentioned','77478','shopify144042413135','2015-08-18 18:53:06','2015-08-26 03:05:47','US',1202314113),(1651,'justin','cargill','justin@hattiesburgcycles.com','102 lynnwood circle','','hattiesburg','not mentioned','39402','shopify144042413136','2015-08-18 18:34:53','2015-08-26 03:05:47','US',1202210241),(1652,'Ricardo ','Batista','batistaricardo24@gmail.com','709 fdr drive ','5a','New York ','not mentioned','10009','shopify144042413137','2015-08-18 18:23:20','2015-08-26 03:05:47','US',1202143617),(1653,'Van','Kham','kyawbiak@mail.com','751 N indianCreek','217','Clarkston','not mentioned','30021','shopify144042413138','2015-08-18 14:17:59','2015-08-26 03:05:47','US',1200784577),(1654,'Keith','Dixon','dnice91913@gmail.com','1390 Santa Alicia ave','apt 11109','Chula Vista','not mentioned','91913','shopify144042413139','2015-08-17 20:52:23','2015-08-26 03:05:47','US',1196599681),(1655,'Justin ','Tipton','justintipton1990@yahoo.com','104 Nashboro Greens Blvd','','Nashville','not mentioned','37217','shopify144042413240','2015-08-17 18:06:22','2015-08-26 03:05:47','US',1193935233),(1656,'Martha','Gutierrez','gabylovely2@hotmail.com','5943 W Vista Mesa Dr','','West valley','not mentioned','84128','shopify144042413241','2015-08-17 17:15:58','2015-08-26 03:05:47','US',1193485057),(1657,'Clifton','Lockwood ','lockwoodclifton@gmail.com','2925 E Independence Blvd ','Suite 5','Charlotte ','not mentioned','28205','shopify144042413242','2015-08-17 16:03:44','2015-08-26 03:05:47','US',1193051841),(1658,'Timothy','Gasaway','ttgasaway@yahoo.com','6301 Gidleigh Ct.','','AUSTIN','not mentioned','78754','shopify144042413243','2015-08-17 13:35:38','2015-08-26 03:05:47','US',1192333505),(1659,'Brian','Ollison','b.ollistudio@gmail.com','739 pecan knoll dr','','Marietta','not mentioned','30008','shopify144042413244','2015-08-17 04:17:47','2015-08-26 03:05:47','US',1190886913),(1660,'answer','clark','preiereclark@yahoo.com','510 green  street','','vidalia','not mentioned','30474','shopify144042413245','2015-08-17 02:44:34','2015-08-26 03:05:47','US',1190495169),(1661,'Michael ','Cooper ','kingmjcoop@gmail.com','308 s taylor ave ','','essex ','not mentioned','21221','shopify144042413246','2015-08-17 02:36:28','2015-08-26 03:05:47','US',1190454785),(1662,'Reginald','Wells','sirreg57@aol.com','3921 E. Stan Schlueter loop','Ste.104 Bldg. B','Killeen','not mentioned','76542','shopify144042413347','2015-08-17 01:43:20','2015-08-26 03:05:47','US',1190187905),(1663,'Billy','Duverny','billyduverny@gmail.com','298 sw ridgecrest dr','','Port st lucie','not mentioned','34953','shopify144042413348','2015-08-17 01:23:50','2015-08-26 03:05:47','US',1190084289),(1664,'Mehdi','Hashemi','mehdihk2012@gmail.com','Lijnbaansgracht 162','','Amsterdam','not mentioned','1016vx','shopify14404246001','2015-08-16 22:33:21','2015-08-24 13:56:40','NL',1189238977),(1665,'Robert','Cobelli-Zizolfo','masterbarbercozi@verizon.net','898 S. Lake Blvd','','Mahopac','not mentioned','10541','shopify14404246002','2015-08-16 21:10:39','2015-08-26 03:08:07','US',1188826113),(1666,'Kyle','Otec','kotec13@gmail.com','118 Parkview Drive','','Crystal City','not mentioned','63019','shopify14404246003','2015-08-16 20:35:45','2015-08-26 03:08:07','US',1188640385),(1667,'paul','breitenstine','pjbreit1@gmail.com','351 north read ave','','runnemede','not mentioned','08078','shopify14404246004','2015-08-16 19:36:53','2015-08-26 03:08:07','US',1188310977),(1668,'Keyv','Young','babyboytt@live.com','1970 N.W. 70TH AVE','','MIAMI','not mentioned','33126','shopify14404246015','2015-08-16 18:51:30','2015-08-26 03:08:07','US',1188067457),(1669,'Corey','Ranieri','corey.j.ranieri@gmail.com','7 St Margaret\'s Cres Felixstow','','Adelaide ','not mentioned','5070','shopify14404246016','2015-08-16 15:08:08','2015-08-26 03:08:07','AU',1186963265),(1670,'William','Louisor','williamlouisor@gmail.com','100 Rue Adolphe Guyot','','Bois-Colombes','not mentioned','92270','shopify14404246017','2015-08-16 07:59:06','2015-08-24 13:56:41','FR',1185810561),(1671,'David','Stanley','dls6193@hotmail.com','102 Collins Court','','Macon','not mentioned','31216','shopify14404246018','2015-08-15 20:58:14','2015-08-26 03:08:07','US',1183416897),(1672,'tom','Rainey','thinkn2big@gmail.com','604 north 28th street','',' Harrisburg','not mentioned','17109','shopify14404246019','2015-08-15 16:28:09','2015-08-26 03:08:07','US',1181906881),(1673,'Adina','Ornellas','kehaulani157@gmail.com','1305 Kipaipai street ','Apt 24D','Pearl City','not mentioned','96782','shopify144042460110','2015-08-15 05:38:55','2015-08-26 03:08:07','US',1179995201),(1674,'Georgia','pye','georgiapye22@gmail.com','10966 Paladin Drive','','Hampton','not mentioned','30228','shopify144042460111','2015-08-15 02:30:14','2015-08-26 03:08:07','US',1179139201),(1675,'Edgar','Villanueva','Edgarv610@gmail.com','27 Sculptors way','2','Hamilton ','not mentioned','08619','shopify144042460112','2015-08-15 02:26:10','2015-08-26 03:08:07','US',1179089025),(1676,'Antoine','Thomas','antoine.dion@me.com','22 Bedford Square','','Pittsburgh','not mentioned','15203','shopify144042460113','2015-08-15 02:03:40','2015-08-26 03:08:08','US',1178818433),(1677,'Anfernee','Jr','TexacoBeats@Gmail.com','5289 Eagle st','','Denver','not mentioned','80239','shopify144042460114','2015-08-15 00:15:50','2015-08-26 03:08:08','US',1178007681),(1678,'Latanya','Hoggatt','jacjohnson916@gmail.com','955 43rd Ave.','121','Sacramento','not mentioned','95831','shopify144042460115','2015-08-15 00:08:53','2015-08-26 03:08:08','US',1177972609),(1679,'Boyd','Copeland','bcopeland4@yahoo.com','808 N Market St','','Chattanooga','not mentioned','37405-3542','shopify144042460116','2015-08-14 22:03:04','2015-08-26 03:08:08','US',1177312257),(1680,'Mathieu','Ventura','mix_math1@hotmail.com','8542 av des belges','','montreal','not mentioned','h2p 2b4','shopify144042460117','2015-08-14 20:00:57','2015-08-26 03:08:08','CA',1176605441),(1681,'Juan','Juarez','survivorchapin@yahoo.com','11 Apple Lane','','Park Forest','not mentioned','60466','shopify144042460118','2015-08-14 19:45:42','2015-08-26 03:08:08','US',1176514817),(1682,'harold','brown','haroldbrown410@gmail.com','3631 piedmont ','','baltimore ','not mentioned','21216','shopify144042460119','2015-08-14 16:29:07','2015-08-26 03:08:08','US',1175303425),(1683,'Jamese','Davis','jamesedavis89@gmail.com','453 n western ave ','','LOS angeles','not mentioned','90004','shopify144042460120','2015-08-14 14:05:26','2015-08-26 03:08:08','US',1174325121),(1684,'Baku','kali','chantalbiese@gmail.com','6001 corktree ct','','Charlotte','not mentioned','28212','shopify144042460121','2015-08-14 12:52:54','2015-08-26 03:08:08','US',1173977921),(1685,'Carlos','Bedoya','bedoya0725@yahoo.com','217 Muriel Avenue','','North Plainfield','not mentioned','07060','shopify144042460122','2015-08-14 11:46:25','2015-08-26 03:08:08','US',1173695681),(1686,'Aaron','Rodriguez','arod1000@gmail.com','2712 Denise Drive','','waco','not mentioned','76706','shopify144042460123','2015-08-14 06:03:02','2015-08-26 03:08:08','US',1172809601),(1687,'Tyler ','Clarkson','tclark914@yahoo.com','2001 Summit lane ','','Oreland ','not mentioned','19075','shopify144042460124','2015-08-14 03:39:39','2015-08-26 03:08:08','US',1172275969),(1688,'Clifton','Watkins','passionedcrime@gmail.com','11760 Hamlin st','108','North hollywood','not mentioned','91606','shopify144042460225','2015-08-14 03:11:36','2015-08-26 03:08:08','US',1172144641),(1689,'Corey','Johnson','toochie23@hotmail.com','511 Jefferson st','','Dolton','not mentioned','60419','shopify144042460226','2015-08-14 02:54:44','2015-08-26 03:08:08','US',1172062529),(1690,'Eddie','Smith','esmith3067@yahoo.com','6640 Akers Mill Road Apt 924','','Atlanta','not mentioned','30339','shopify144042460227','2015-08-13 19:24:54','2015-08-26 03:08:08','US',1169151553),(1691,'Brandon','Card','brandonrcard@gmail.com','1 Scottsridge Circle','','Baldwinsville','not mentioned','13027','shopify144042460228','2015-08-13 18:51:54','2015-08-26 03:08:08','US',1168937793),(1692,'Michael','Felix','bktoboca@yahoo.com','7601 North Federal Highway','Suite 200A','boca raton','not mentioned','33487','shopify144042460229','2015-08-13 14:22:35','2015-08-26 03:08:08','US',1167191425),(1693,'Niguse','kutur','Nigusekutur@icloud.com','1020 s lusk street ','apt 166','Boise','not mentioned','83706','shopify144042460230','2015-08-13 11:52:49','2015-08-26 03:08:08','US',1166337409),(1694,'Satheesh ','Roche','rochsatheesh777@gmail.com','58,27/A,Masila mani puram, 3rd Street, Tuticorin','','Tuticorin','not mentioned','628008','shopify144042460231','2015-08-13 10:29:55','2015-08-26 03:08:08','IN',1166131777),(1695,'zun','marm','maungthanhtay2013@gmail.com','2003 N 45TH ST','5','omaha','not mentioned','68104','shopify144042460232','2015-08-13 09:10:45','2015-08-26 03:08:08','US',1165960641),(1696,'Samira','Khaled','Samira_khaled7@yahoo.com','2801 Live Oak Street','7402','Dallas','not mentioned','75204','shopify144042460233','2015-08-13 06:38:27','2015-08-26 03:08:08','US',1165666049),(1697,'Tenke','Stephens','teestephens@yahoo.com','2267 loring pl','Private house','Bronx','not mentioned','10468','shopify144042460234','2015-08-13 06:32:19','2015-08-26 03:08:08','US',1165651649),(1698,'James','Gravely','j.gravely15.kg@gmail.com','1305 Kipaipai st','Apt 24D','Pearl city ','not mentioned','96782','shopify144042460235','2015-08-13 05:03:46','2015-08-26 03:08:08','US',1165435137),(1699,'dhdh','dfh','aetsrhy@gmail.com','dfhd','','zdfh','not mentioned','10001','shopify144042460236','2015-08-13 03:57:26','2015-08-26 03:08:09','US',1165213249),(1700,'Mohammed','Islam','muminul02@gmail.com','2814 35th Ave','2nd Floor','Astoria','not mentioned','11106','shopify144042460237','2015-08-13 03:41:49','2015-08-26 03:08:09','US',1165148417),(1701,'Leslie','Toney','mrtoney4@gmail.com','27391 Detroit Rd','Apt C33','Westlake','not mentioned','44145','shopify144042460238','2015-08-13 02:51:42','2015-08-26 03:08:09','US',1164932481),(1702,'Michelle','Corrales','michelle.corrales@att.net','14647 orange ave','','Paramount ','not mentioned','90723','shopify144042460239','2015-08-13 02:30:48','2015-08-26 03:08:09','US',1164833729),(1703,'Kenneth ','Foster','faithful099@gmail.com','3621 matilda st','','beaver falls','not mentioned','15010','shopify144042460240','2015-08-12 23:43:28','2015-08-26 03:08:09','US',1164001153),(1704,'Carlos ','alvarado','yussepeg@gmail.com','10009 brownie Dr','A','Austin ','not mentioned','78753','shopify144042460241','2015-08-12 19:26:58','2015-08-26 03:08:09','US',1162648193),(1705,'Jason ','Smith','taylor593885718@gmail.com','1832 helen ave','','Hamilton ','not mentioned','45011','shopify144042460242','2015-08-12 17:42:58','2015-08-26 03:08:09','US',1162037569),(1706,'Youllyxes','Ortega','yulyortega_01@yahoo.com','26 Mary Street','','Lodi','not mentioned','07644','shopify144042460243','2015-08-12 14:37:55','2015-08-26 03:08:09','US',1161004993),(1707,'Courtney','Williams ','courtneypablowilliams@gmail.com','15 fulbeck house','Sutterton street','London','not mentioned','N7 9bz','shopify144042460244','2015-08-12 08:34:11','2015-08-26 03:08:09','GB',1159888705),(1708,'Derrico ','Alexander','derricko.da@gmail.com','12400 Shadow Creek Pkwy','1610','Pearland ','not mentioned','77584','shopify144042460345','2015-08-12 01:52:00','2015-08-26 03:08:09','US',1158407233),(1709,'Charles','Dudley','princecharles0929@gmail.com','314  liberty  avenue  ','','Snow Hill  ','not mentioned','28580','shopify144042460346','2015-08-12 01:48:23','2015-08-26 03:08:09','US',1158387777),(1710,'Branden ','horn','branden.horn788@gmail.com','127 Hollywood ave','','hillside','not mentioned','07205','shopify144042460347','2015-08-12 00:51:48','2015-08-26 03:08:09','US',1158101441),(1711,'Jorge ','Arguelles','lluvia_arguelles@yahoo.com','2927 McKinley Avenue ','','El Paso ','not mentioned','79930','shopify144042460348','2015-08-11 22:34:31','2015-08-26 03:08:09','US',1157238337),(1712,'Antonio','Salinas','antoniolsalinas26@gmail.com','10211 Ravenwood View Ln','','Houston','not mentioned','77075','shopify144042460349','2015-08-11 22:05:27','2015-08-26 03:08:09','US',1157090049),(1713,'Russell','Slovenec','russellslo@gmail.com','2072 5th Ave. ','#4','New York City','not mentioned','10035','shopify144042460350','2015-08-11 19:21:50','2015-08-26 03:08:09','US',1155423105),(1714,'Everardo','Camacho','evercamacho@hotmail.com','A','','Guadalajara','not mentioned','44160','shopify144042460351','2015-08-11 18:52:37','2015-08-26 03:08:09','MX',1155253569),(1715,'BAMS','Clothing','bamsclothingllc@gmail.com','122 Northland Dr.','','Belleville','not mentioned','62221','shopify144042460352','2015-08-11 17:09:26','2015-08-26 03:08:09','US',1154149569),(1716,'Nicholas','Binda','bindanicholas123@gmail.com','704,Empire blvd','','Brooklyn','not mentioned','11213','shopify144042460353','2015-08-11 14:51:33','2015-08-26 03:08:09','US',1153417281),(1717,'Adam','Weston','falco8811@aol.com','7629 W Delhi Ave','','Las Vegas','not mentioned','89129','shopify144042460354','2015-08-11 09:11:08','2015-08-26 03:08:09','US',1152338561),(1718,'Charles','Williams','drchuckwilliams@outlook.com','1100 Shackamaxon Street ','Apt 2B','Philadelphia','not mentioned','19125','shopify144042460355','2015-08-11 01:57:03','2015-08-26 03:08:09','US',1150962497),(1719,'Benny','Stanley','benny.stanley@gmail.com','2088 Willow Glenn Drive','','Birmingham','not mentioned','35215','shopify144042460356','2015-08-11 01:01:06','2015-08-26 03:08:09','US',1150622017),(1720,'Maurice ','Arnold','mauricearnold25@yahoo.com','4509 Arkansas ave N.W','','Washington D.C','not mentioned','20011','shopify144042460357','2015-08-10 20:30:01','2015-08-26 03:08:09','US',1148968513),(1721,'Barbara','Liss','barb.liss@sbcglobal.net','1917 Cedarwood Loop','','San Ramon','not mentioned','94582','shopify144042460358','2015-08-10 17:27:34','2015-08-26 03:08:09','US',1147881921),(1722,'Thomas','Bangura','tbangura89@gmail.com','4544 Marconi ave ','24','Sacramento ','not mentioned','95821','shopify144042460459','2015-08-10 17:25:16','2015-08-26 03:08:10','US',1147869889),(1723,'Ioannis','Papadimitriou','jjpap0@googlemail.com','2 Fern Terrace','Footscray','Melbourne','not mentioned','3011','shopify144042460460','2015-08-10 17:00:26','2015-08-26 03:08:10','AU',1147726785),(1724,'a','a','a@gmail.com','a','','a','not mentioned','97008','shopify144042460461','2015-08-10 16:15:23','2015-08-26 03:08:10','US',1147486721),(1725,'Lloyd','Blake','lloyd.blake@btinternet.com','29 Lambert House, Aytoun Road','','London','not mentioned','SW9 0UU','shopify144042460462','2015-08-10 10:36:09','2015-08-26 03:08:10','GB',1145827329),(1726,'landreaka','Herndon','atlantaselite@gmail.com','1638 Athens ave','','atlanta','not mentioned','30310','shopify144042460463','2015-08-10 04:58:59','2015-08-26 03:08:10','US',1145060545),(1727,'Stephen','Cork','stephencork1@msn.com','Unit 4/33 Burnet Street','','Ballina','not mentioned','2478','shopify144042460464','2015-08-10 04:02:28','2015-08-26 03:08:10','AU',1144756993),(1728,'Rafael Campos Da','Constantino','pingahairs17@gmail.com','Rua Alencar Waldomiro Silva','29','Campinas','not mentioned','13059012','shopify144042460465','2015-08-10 02:03:38','2015-08-26 03:08:10','BR',1144207873),(1729,'David','Stubblefield','reddstubbs1530@gmail.com','8014 maxroy st','','Houston','not mentioned','77088','shopify144042460466','2015-08-10 01:45:04','2015-08-26 03:08:10','US',1144109825),(1730,'Lani','Jones','ma_80508@hotmail.com','794 Jerrold ave','','san Francisco','not mentioned','94124','shopify144042460467','2015-08-10 01:25:50','2015-08-26 03:08:10','US',1144006977),(1731,'frank','hall','frank.hall2nd@gmail.com','2100 Belmont','','lexington','not mentioned','40516','shopify144042460468','2015-08-09 16:59:12','2015-08-26 03:08:10','US',1140679681),(1732,'Arnie','Cagalingan','arnie_kim21@yahoo.com','1617 East 5th Avenue','Unit 101','Vancouver','not mentioned','V5n5k1','shopify144042460469','2015-08-09 11:56:31','2015-08-26 03:08:10','CA',1139170689),(1733,'Saltanat','Kenzhebayeva','kam_dsd@mail.ru','Kabanbai batyr 65 apt 25','','Almaty','not mentioned','050010','shopify144042460470','2015-08-09 02:44:16','2015-08-26 03:08:10','KZ',1137877889),(1734,'michael','fields','donte12b@gmail.com','13895 b trinity circle','','saint robert','not mentioned','65584','shopify144042460471','2015-08-09 00:56:38','2015-08-26 03:08:10','US',1137428289),(1735,'Shavonda','Green ','mcdaniels.terrell@gmail.com','209 William Hardin rd','','Columbia','not mentioned','29223','shopify144042460572','2015-08-09 00:12:05','2015-08-26 03:08:10','US',1137240897),(1736,'Javier ','Carlin','jmq278@yahoo.com','284 N.13th Pl.','','Prospect Park','not mentioned','07508','shopify144042460573','2015-08-08 19:28:57','2015-08-26 03:08:10','US',1135866497),(1737,'Sumit','Sharma','sumsum99@gmail.com','60 Judkins Street','','NEWTON','not mentioned','02460','shopify144042460574','2015-08-08 18:46:58','2015-08-26 03:08:10','US',1135639617),(1738,'Efe','Igho','ighoinnocent@yahoo.com','11 Ohio street','Apt A','Danville ','not mentioned','61832','shopify144042460575','2015-08-08 13:55:07','2015-08-26 03:08:10','US',1134226369),(1739,'Philip','Wright','philipwrightjd@gmail.com','1042 Bethlehem street','','Houston','not mentioned','77018','shopify144042460576','2015-08-08 04:53:15','2015-08-26 03:08:10','US',1133000769),(1740,'Holly','Henrickson','akinlin@gmail.com','323 Queen Anne Ave N','501','Seattle','not mentioned','98109','shopify144042460577','2015-08-08 03:49:26','2015-08-26 03:08:10','US',1132783105),(1741,'shantika','johnson','solothestud@gmail.com','2811 cardo dr','','Atlanta','not mentioned','30318','shopify144042460578','2015-08-08 02:46:46','2015-08-26 03:08:10','US',1132524417),(1742,'The','SHAkeThatHAIR Effect','ravenmarsheharris93@gmail.com','6555 Birch Walk','','Memphis','not mentioned','38115','shopify144042460579','2015-08-07 16:43:25','2015-08-26 03:08:10','US',1128611585),(1743,'Sandra','Escobar','dr.sandyescobat@gmail.com','2089 Pacific blvd. ','315','San Mateo','not mentioned','94403','shopify144042460680','2015-08-07 04:21:20','2015-08-26 03:08:10','US',1125886337),(1744,'goitom','embaye','embayeg@gmail.com','255 MacArthur blvd ','201','oakland','not mentioned','94610','shopify144042460681','2015-08-07 02:39:52','2015-08-26 03:08:11','US',1125454081),(1745,'Xavier','Granger','kingzavy32@gmail.com','210 walnut Ave ','Barber shop ','Elgin ','not mentioned','60120','shopify144042460682','2015-08-07 00:58:56','2015-08-26 03:08:11','US',1124763841),(1746,'Jacob ','Phillips ','jlp122193@gmail.com','578 Brooks Road','','pendergrass ','not mentioned','30567','shopify144042460683','2015-08-06 21:50:10','2015-08-26 03:08:11','US',1123596929),(1747,'David','Salvador','davidsalvador11@yahoo.com','2429 Browns ct','','Riverbank','not mentioned','95367','shopify144042460684','2015-08-06 20:41:12','2015-08-26 03:08:11','US',1121151361),(1748,'Lynn ','Demos','scandalmh@gmail.com','3481 woodfront dr','','Indianapolis ','not mentioned','46222','shopify144042460785','2015-08-06 20:28:21','2015-08-26 03:08:11','US',1120736833),(1749,'Darius','Jones','dj_jonesman2@yahoo.com','8410 cerro cir ','Apt 143','Tampa','not mentioned','33617','shopify144042460786','2015-08-06 19:11:53','2015-08-26 03:08:11','US',1118033409),(1750,'LeAndrew','Dominique ','drwdominique@yahoo.com','180 2nd st','Suite 6','Oakland','not mentioned','94607','shopify144042460787','2015-08-06 19:01:23','2015-08-26 03:08:11','US',1117836929),(1751,'Josquell','Solomon','tunnelvision900@yahoo.com','6241 rogers rd','','Lizella','not mentioned','31052','shopify144042460788','2015-08-06 16:34:48','2015-08-26 03:08:11','US',1116342145),(1752,'John','Hessen','jdhessen@comcast.net','2690 Harrisburg Pike','','Lancaster','not mentioned','17601','shopify144042460789','2015-08-06 14:31:54','2015-08-26 03:08:11','US',1115444161),(1753,'Makarand','Deshpande','makdesh@gmail.com','300-200 Yorkland Blvd','','North York','not mentioned','M2J 5C1','shopify144042460790','2015-08-06 12:31:04','2015-08-26 03:08:11','CA',1114954817),(1754,'Taariq','Crenshaw','cool.tc29@gmail.com','759 jennings st','','Bronx','not mentioned','10459','shopify144042460891','2015-08-06 09:21:46','2015-08-26 03:08:11','US',1114490689),(1755,'Lindani ','Ndlovu ','aztekvillian@gmail.com',' 1 ashante complex nature St ','','Gauteng ','not mentioned','P.O box 2257','shopify144042460892','2015-08-06 09:18:21','2015-08-26 03:08:11','ZA',1114482945),(1756,'aaron','rodriguez','aaronrod1000@gmail.com','2712 Denise dr','','waco','not mentioned','76706','shopify144042460893','2015-08-06 05:40:57','2015-08-26 03:08:11','US',1114014977),(1757,'Alexander','parham','parhamalex@gmail.com','216 B Catherine avenue','','FRANKLIN SQ','not mentioned','11010','shopify144042460894','2015-08-06 02:22:03','2015-08-26 03:08:11','US',1113194177),(1758,'Shaquille','Williams','zayzay071592@gmail.com','19405 Cedar Street','','Vacherie ','not mentioned','70090','shopify144042460895','2015-08-06 01:48:40','2015-08-26 03:08:11','US',1113026817),(1759,'Colette ','Delph','tyty_973@hotmail.fr','03 Rue Jean-Marie Djibaou ','Roches 2','Kourou','not mentioned','97310','shopify144042460896','2015-08-05 18:19:49','2015-08-26 03:08:11','GF',1109536129),(1760,'Liza','Landa','lizameirson@juno.com','3848 Greentree Drive','','Oceanside','not mentioned','11572','shopify144042460897','2015-08-05 18:18:14','2015-08-26 03:08:11','US',1109525057),(1761,'Andre','Showell','andre.showell@bet.net','1000 New Jersey Avenue Southeast','Unit 403','Washington','not mentioned','20003','shopify144042460898','2015-08-05 16:26:49','2015-08-26 03:08:11','US',1108745089),(1762,'Alvina','Hamer','abrasive12@yahoo.com','5625 Boone Ave North','#317','New Hope','not mentioned','55428','shopify144042460899','2015-08-05 15:01:49','2015-08-26 03:08:11','US',1108311489),(1763,'Vivek','S','vsubbaiah3@gmail.com','Frankenstr.1 ','','Bonn','not mentioned','53175','shopify1440424608100','2015-08-05 14:11:12','2015-08-26 03:08:11','DE',1108069505),(1764,'Oyewole','Ashekun','olaashe@gmail.com','645 ivy lea ct','','Lawrenceville','not mentioned','30045','shopify1440424609101','2015-08-05 04:42:44','2015-08-26 03:08:11','US',1106559169),(1765,'Abel','Tefera','abelo0189@yahoo.com','14773 winding loop','','Woodbridge ','not mentioned','22191','shopify1440424609102','2015-08-05 03:21:49','2015-08-26 03:08:12','US',1106254017),(1766,'Maxime','Ngoy','fite111@gmail.com','Avenue de Cour 6A','','Lausanne','not mentioned','1007','shopify1440424609103','2015-08-04 19:56:53','2015-08-26 03:08:12','CH',1103746625),(1767,'Heidi','Williams','whitingheidi@yahoo.com','9443 86th Ave','','Seminole','not mentioned','33777','shopify1440424609104','2015-08-04 12:31:49','2015-08-26 03:08:12','US',1101226177),(1768,'Jonathan ','lopez','barberjlopez@gmail.com','3522 s 59th ave','','Cicero ','not mentioned','60804','shopify1440424609105','2015-08-04 03:50:08','2015-08-26 03:08:12','US',1099856577),(1769,'Magnus','Kolodziej','magnus-kolodziej@hotmail.de','Clarenberg 7','','Dortmund','not mentioned','44263','shopify1440424609106','2015-08-03 23:38:18','2015-08-26 03:08:12','DE',1098545921),(1770,'andrew','grandison','hundred1977@gmail.com','164 skegby rd ','','Brampton','not mentioned','L6V2T9','shopify1440424610107','2015-08-03 22:24:03','2015-08-26 03:08:12','CA',1098155905),(1771,'melissa','calhoun','mbeauty93@gmail.com','2080 Willow Hammock Cr','E205','Punta Gorda','not mentioned','33983','shopify1440424610108','2015-08-03 21:16:11','2015-08-26 03:08:12','US',1097769217),(1772,'Carmen','Fabian','jeannettealba1@gmail.com','10 Mount Vernon St','','Lawrence','not mentioned','01843','shopify1440424610109','2015-08-03 20:19:08','2015-08-26 03:08:12','US',1097246785),(1773,'Keshain ','Gayden ','keshaing@gmail.com','906 cypress street ','','Valdosta ','not mentioned','31601','shopify1440424610110','2015-08-03 19:54:19','2015-08-26 03:08:12','US',1097097153),(1774,'Aaron','Cocarrubias','aron23109@aol.com','21870 Western Blvd ','','Hayward','not mentioned','94541','shopify1440424610111','2015-08-03 16:50:02','2015-08-26 03:08:12','US',1095984065),(1775,'khalil','abdullah','killingmoon79@yahoo.com','1239 Melton drive ','4','yuba city ','not mentioned','95991','shopify1440424610112','2015-08-03 15:33:21','2015-08-26 03:08:12','US',1095587073),(1776,'Cardell','Benford','bdell9999@aol.com','42 Legend Creek Ter','','Douglasville','not mentioned','30134','shopify1440424610113','2015-08-03 14:12:51','2015-08-26 03:08:12','US',1095168129),(1777,'Nathan','Sims','natesims@ymail.com','5119 Genoa St.','','EMERYVILLE','not mentioned','94608','shopify1440424610114','2015-08-03 11:45:35','2015-08-26 03:08:12','US',1094509825),(1778,'2719 N 46th st','Evans','blove2719@gmail.com','2719 N 46th st','','Tampa','not mentioned','33605','shopify1440424611115','2015-08-03 00:00:36','2015-08-26 03:08:12','US',1091902721),(1779,'Jonathan','Bell','bell_jonathan_d@yahoo.com','852 West 4th Street','','Marysville','not mentioned','43040','shopify1440424611116','2015-08-02 15:59:57','2015-08-26 03:08:12','US',1089606465),(1780,'Damon','Kemp','Damonkemp17@yahoo.com','7218 sunnyside place','','rancho cucamonga','not mentioned','91739','shopify1440424611117','2015-08-02 13:35:03','2015-08-26 03:08:12','US',1089068545),(1781,'J','Tsang','jeffisferris@gmail.com','Room G, 11/F, Block 4, Sceneway Garden, Lam Tin','','Hong Kong','not mentioned','','shopify1440424612118','2015-08-02 09:59:49','2015-08-26 03:08:12','HK',1088602305),(1782,'Jacquelyn','Starns','romanstarns@yahoo.com','2098 Staring Lane ','A','Baton Rouge','not mentioned','70810','shopify1440424612119','2015-08-01 20:05:21','2015-08-26 03:08:12','US',1085905217),(1783,'Terry','hilburn','cash2cash@tx.rr.com','2631 Bowling Green ave.','','dallas','not mentioned','75216','shopify1440424612120','2015-07-31 17:09:44','2015-08-26 03:08:12','US',1078176385),(1784,'kyle','walton','cleatuswatts@gmail.com','13212 elm ln','','burnsville','not mentioned','55337','shopify1440424613121','2015-07-31 13:02:13','2015-08-26 03:08:12','US',1076922369),(1785,'Mirio','Davis','vegaswhoa@yahoo.com','2000 wendell','','Las vegas','not mentioned','89101','shopify1440424613122','2015-07-31 01:40:10','2015-08-26 03:08:12','US',1074961537),(1786,'Joseph','Hanson','josephhanson2003@yahoo.com','1611 w Austin pl ','','Broken arrow ','not mentioned','74011','shopify1440424613123','2015-07-31 00:54:55','2015-08-26 03:08:12','US',1074749697),(1787,'sheldrina ','greenwood','drin85srg@gmail.com','6402 Weber rd','E6','corpus christi ','not mentioned','78413','shopify1440424613124','2015-07-30 21:08:51','2015-08-26 03:08:12','US',1073658817),(1788,'Eddie','Mambo','edyy_199@hotmail.com','Storgatan ','61','Skellefteå','not mentioned','93134','shopify1440424613125','2015-07-30 15:47:06','2015-08-26 03:08:13','SE',1071626049),(1789,'Spencer','Mayo','s_mayo515@yahoo.com','7513 Hawthorne Ave','','Richmond','not mentioned','23227','shopify1440424613126','2015-07-30 02:18:31','2015-08-26 03:08:13','US',1068402433),(1790,'Ajanay','Morgan','ajanay.morgan1@gmail.com','4419 chestnut lake ave','','Lithonia','not mentioned','30038','shopify1440424613127','2015-07-29 20:13:03','2015-08-26 03:08:13','US',1065570113),(1791,'HELENA','RESENDE','hmariabr@yahoo.com.br','RUA AIMORES','416','Belo Horizonte','not mentioned','30140070','shopify1440424613128','2015-07-29 17:38:51','2015-08-26 03:08:13','BR',1064592321),(1792,'bernt','hellesoe','bernthellesoe4272@gmail.com','4584 long','','houston','not mentioned','77044','shopify1440424613129','2015-07-29 15:32:57','2015-08-26 03:08:13','US',1063813697),(1793,'Joao','Oliveira','oliveirajoaoduarte@gmail.com','Av. Dr Fernando R R Leitão n28 2frt','','massama','not mentioned','2745-771','shopify1440424613130','2015-07-28 19:28:20','2015-08-26 03:08:13','PT',1058698049),(1794,'Stephen','Jackson','steve117761@aol.com','3488 W 360 N','','Hurricane','not mentioned','84737','shopify1440424613131','2015-07-28 18:59:06','2015-08-26 03:08:13','US',1058524481),(1795,'Colin','Grogan','cgrogan@amfam.com','1340 W. Wicklow Ct','','Sioux Falls','not mentioned','57108','shopify1440424613132','2015-07-28 05:17:02','2015-08-26 03:08:13','US',1055098497),(1796,'Susanna','Bidel','bidel86@icloud.com','Koskenlaskinjantie 1','1','Valkeala','not mentioned','45360','shopify1440424613133','2015-07-27 19:45:22','2015-08-26 03:08:13','FI',1049639745),(1797,'Gloria','Lassic','howard_gloria@yahoo.com','3116 Crumpton Drive','','Montgomery','not mentioned','36108','shopify1440424613134','2015-07-27 19:08:18','2015-08-26 03:08:13','US',1049418881),(1798,'Robina ','Ali','haroonali@hotmail.co.uk','21 Haverstock Road','','Bristol','not mentioned','BS4 2DA','shopify1440424614135','2015-07-27 14:38:23','2015-08-26 03:08:13','GB',1047913729),(1799,'Kim','Gibson','kim@kimhgibson.com','4432 RUE SAINT MARTIN','','kenner','not mentioned','70065','shopify1440424614136','2015-07-26 22:51:39','2015-08-26 03:08:13','US',1044669825),(1800,'Elijah','Moore','bookofelijah@gmail.com','20255 Murray Hill St','','Detroit','not mentioned','48235','shopify1440424614137','2015-07-26 22:47:19','2015-08-26 03:08:13','US',1044650369),(1801,'Adrian','Hobbs','adrianhobbs2010@gmail.com','79 Wingate Square','Clapham Common','London','not mentioned','SW4 0AF','shopify1440424614138','2015-07-26 22:15:49','2015-08-26 03:08:13','GB',1044502785),(1802,'Christopher','Chalokwu','francis.c2424@gmail.com','4848 N Winthrop avenue','1315','Chicago','not mentioned','60640','shopify1440424614139','2015-07-26 21:56:21','2015-08-26 03:08:13','US',1044401601),(1803,'Dwayne','Mcwilliams','Mcwilliams655@gmail.com','214 lewis road Repton Al','','Repton Al','not mentioned','36475','shopify1440424614140','2015-07-26 18:30:46','2015-08-26 03:08:13','US',1043279937),(1804,'Daniel','Aviles','dannyav1@live.com','2317 N Mango Ave.','','Chicago','not mentioned','60639','shopify1440424614141','2015-07-26 17:20:10','2015-08-26 03:08:13','US',1042911681),(1805,'Shamir','Wallace','shamirwallace@me.com','400 Markham St SW','Apt i11','Atlanta','not mentioned','30313','shopify1440424614142','2015-07-26 15:39:33','2015-08-26 03:08:13','US',1042436993),(1806,'Lawrence ','Victor ','lawrencevictor37@gmail.com','958 east 87th st','','Brooklyn','not mentioned','11236','shopify1440424614143','2015-07-26 14:05:54','2015-08-26 03:08:13','US',1042053313),(1807,'Fatima','Dishmey','jayziz99@gmail.com','3620 Barcroft View Ter','102','Falls church ','not mentioned','22041','shopify1440424614144','2015-07-26 13:30:28','2015-08-26 03:08:13','US',1041931905),(1808,'Aaron','Short','a1.short@yahoo.com','4821 north goldenrod road apt D','','Winter park','not mentioned','32792','shopify1440424614145','2015-07-26 07:29:08','2015-08-26 03:08:13','US',1041172097),(1809,'Allan','Sonekar','apsonekar@gmail.com','2233 Two Notch Rd.','','Lexington','not mentioned','29072','shopify1440424614146','2015-07-26 05:11:11','2015-08-26 03:08:14','US',1040910465),(1810,'Jonnel','Hector','j_hova9@yahoo.com','3344 Contessa Ct','','Annandale','not mentioned','22003-1118','shopify1440424614147','2015-07-26 03:20:40','2015-08-26 03:08:14','US',1040595905),(1811,'Akram ','Jabbar','rimah89@gmail.com','6127 Drexel st','','Dearborn heights ','not mentioned','48127','shopify1440424614148','2015-07-26 00:51:41','2015-08-26 03:08:14','US',1040007809),(1812,'Terrence','Gomes','gomes2@comcast.net','73 Parkwood Drive','','Raynham','not mentioned','02767','shopify1440424614149','2015-07-25 21:24:28','2015-08-26 03:08:14','US',1039100609),(1813,'Nhat','Do','nhatdo69@yahoo.com','235 Bayard rd','','Upper Darby','not mentioned','19082','shopify1440424614150','2015-07-25 20:53:16','2015-08-26 03:08:14','US',1038939393),(1814,'Eric','Martinez','ericmanuelmartinez@live.com','31 Sherman Street','2','Passaic','not mentioned','07055','shopify1440424614151','2015-07-25 17:49:43','2015-08-26 03:08:14','US',1037963137),(1815,'Ajanay','Morgan','ajanay.morgan5@gmail.com','4419 chestnut lake ave ','','Lithonia ','not mentioned','30038','shopify1440424614152','2015-07-25 17:43:07','2015-08-26 03:08:14','US',1037927105),(1816,'Josephine','Smith','jsmith@gseok.org','12639 E 34th St','','Tulsa','not mentioned','74146','shopify1440424614153','2015-07-25 17:08:57','2015-08-26 03:08:14','US',1037746177),(1817,'Brock','Chwialkowski ','brockkowski@gmail.com','29445 Ana Maria lane ','','Laguna Niguel','not mentioned','92677','shopify1440424614154','2015-07-25 17:08:29','2015-08-26 03:08:14','US',1037743873),(1818,'Zaire','White','zairewhite1@aol.com','717 Teaneck Road','2','Teaneck','not mentioned','07666','shopify1440424615155','2015-07-25 16:59:36','2015-08-26 03:08:14','US',1037696385),(1819,'Steve','Sliemers','amaircomfort@aol.com','2465 Bradshaw Blvd','','Galloway','not mentioned','43119','shopify1440424615156','2015-07-25 16:58:10','2015-08-26 03:08:14','US',1037689601),(1820,'Lisa','Choquette','Threefrogs87@aol.com','27 Pinewood Road','','Reading','not mentioned','19610','shopify1440424615157','2015-07-25 03:49:31','2015-08-26 03:08:14','US',1035486209),(1821,'Vidia','Puspita ','vidiavita1@gmail.com','Jalan Bypass Ngurah Rai No: 506','','Denpasar','not mentioned','80228','shopify1440424615158','2015-07-25 00:11:17','2015-08-26 03:08:14','ID',1034476865),(1822,'Bo ','Jackson ','superh8f@gmail.com','2925 baby ruth lane','117','Antioch ','not mentioned','37013','shopify1440424615159','2015-07-24 20:37:00','2015-08-26 03:08:14','US',1033225025),(1823,'Juan','Aleman','juanjunior@icloud.com','1717 olive springs rd SE','','Marietta ','not mentioned','30060','shopify1440424615160','2015-07-24 20:20:44','2015-08-26 03:08:14','US',1033100417),(1824,'Hertta','Karman','sbidel@icloud.com','Koskenlaskijantie ','1','Valkeala','not mentioned','45360','shopify1440424615161','2015-07-23 16:52:19','2015-08-26 03:08:14','FI',1022105281),(1825,'Cyre ','Tate','cyretate@icloud.com','14325 wildcat ln ','','Victorville ','not mentioned','92394','shopify1440424615162','2015-07-22 23:59:52','2015-08-26 03:08:14','US',1016294017),(1826,'Anthony','Lewis','YNOTCME4297@icloud.com','25100 vista Murrieta apt. 25100 ','','Murrieta','not mentioned','92563','shopify1440424615163','2015-07-22 22:52:44','2015-08-26 03:08:14','US',1015987137),(1827,'devon','johnson ','devonsirjohnson12@gmail.com','3239 Desert Circle ','apt 5','east point ','not mentioned','30344','shopify1440424615164','2015-07-22 19:54:44','2015-08-26 03:08:14','US',1015020545),(1828,'cori','booker','cori.booker@rowancountync.gov','1494 Kindrick Circle NW','','Concord','not mentioned','28027','shopify1440424615165','2015-07-22 18:14:19','2015-08-26 03:08:15','US',1014174721),(1829,'VIRESH','GOMES','g.gomes@email.com','SOBHA DAFFODIL BLD, JUMEIRAH VILLAGE CIRCLE','G9','DUBAI, UAE','not mentioned','','shopify1440424615166','2015-07-22 17:57:57','2015-08-26 03:08:15','AE',1014039361),(1830,'Marck ','Rosier','remarckable1@gmail.com','151 Pershing Ave','Apt 2','Carteret','not mentioned','07008','shopify1440424615167','2015-07-22 15:57:58','2015-08-26 03:08:15','US',1013328641),(1831,'Augustine Kwame','Poku','kwame.nu1@gmail.com','P.O. Box AX 31','','Takoradi','not mentioned','00233','shopify1440424615168','2015-07-22 13:36:24','2015-08-26 03:08:15','GH',1012587777),(1832,'Jonathan','Victorian','jcsbeautysupply@gmail.com','8212 Page Ave.','','St. Louis','not mentioned','63130','shopify1440424615169','2015-07-22 06:28:16','2015-08-26 03:08:15','US',1011545729),(1833,'Marc','Ruddock','tgodxjets@live.ca','10 Summermist court','','Brampton','not mentioned','L6r 2z1','shopify1440424615170','2015-07-22 04:27:59','2015-08-26 03:08:15','CA',1011219393),(1834,'Musa','Ahmad','aliyu.kurfi@yahoo.com','Bosna hersek ','','Konya ','not mentioned','42000','shopify1440424615171','2015-07-22 03:29:50','2015-08-26 03:08:15','TR',1010995265),(1835,'Harley','Cornelius','harcornelius@ojooo.com','1431 E 77th St','','KANSAS CITY','not mentioned','64131','shopify1440424615172','2015-07-21 23:24:02','2015-08-26 03:08:15','US',1009758273),(1836,'John','Stephens','goldberg812003@yahoo.com','23411 Saratoga Springs Place','','Murrieta','not mentioned','92562','shopify1440424615173','2015-07-21 22:50:35','2015-08-26 03:08:15','US',1009596545),(1837,'ABMAAM,','Inc.','abmaamproducts@gmail.com','3171 Jeffland Rd','','Windsor Mill','not mentioned','21244','shopify1440424616174','2015-07-21 22:42:56','2015-08-26 03:08:15','US',1009559617),(1838,'Alonzo','Smith Jr','alonzosmith2003@aol.com','600 S Curson Ave.','APT 317','Los Angeles','not mentioned','90036','shopify1440424616175','2015-07-21 20:33:05','2015-08-26 03:08:15','US',1008827201),(1839,'Brandon','Gross','handsumbastard83@gmail.com','3366 Curtis Drive Apt 201','','Suitland','not mentioned','20746','shopify1440424616176','2015-07-21 17:11:10','2015-08-26 03:08:15','US',1007337473),(1840,'Roman','Maciot Cabrera Cedres','maciot_kremuxo@hotmail.com','Calle Portugal n5','','Arrecife','not mentioned','35500','shopify1440424616177','2015-07-21 11:42:31','2015-08-26 03:08:15','ES',1005869697),(1841,'virgilio','zelaya','vilo81@live.com','2087willobrooke','apat2b','woosdtock','not mentioned','60098','shopify1440424616178','2015-07-21 00:33:16','2015-08-26 03:08:15','US',1003738945),(1842,'Earwin','Bowers','fivestarkutz@icloud.com','1642 west 64th ','','Los Angeles ','not mentioned','90047','shopify1440424616179','2015-07-20 18:56:01','2015-08-26 03:08:15','US',1001928065),(1843,'Johnathan','Watson','uballinkid@gmail.com','633 pantied opus','','North Las Vegas ','not mentioned','89084','shopify1440424616180','2015-07-20 18:41:21','2015-08-26 03:08:15','US',1001836865),(1844,'Maryam','Karimi','mkarimi@gradcenter.cuny.edu','25 log cabin road','','New York','not mentioned','08081','shopify1440424616181','2015-07-20 18:26:05','2015-08-26 03:08:15','US',1001747777),(1845,'Erik','Ortiz','eflip02@hotmail.com','423 W. 146th St.','1 Gnd','New York','not mentioned','10031','shopify1440424616182','2015-07-20 15:48:45','2015-08-26 03:08:15','US',1000878913),(1846,'Andranik','Stepanian','andocapone@hotmail.com','Perekopskaya 16 kv 71','','Moscow','not mentioned','117209','shopify1440424616183','2015-07-20 07:50:52','2015-08-26 03:08:15','RU',999374593),(1847,'Regan','Lively','reganlively@aol.com','8292 E Destiny Ln','','Skiatook','not mentioned','74070-5266','shopify1440424616184','2015-07-19 20:26:49','2015-08-26 03:08:15','US',996617665),(1848,'SARA','Alagna','sarignah@yahoo.it','CORSO ADRIATICO 347/4','D','Grugliasco','not mentioned','10095','shopify1440424616185','2015-07-18 14:45:29','2015-08-26 03:08:15','IT',989586177),(1849,'Abolade ','Oyedele ','boladejoe@gmail.com','Dr Ignacio bartolache 1149','Dep 103','Mexico','not mentioned','O3100','shopify1440424616186','2015-07-18 08:01:27','2015-08-26 03:08:16','MX',988648897),(1850,'Edwin','Dominguez','latin04@bellsouth.net','116 Clemson Dr','','Kenner','not mentioned','70065-3906','shopify1440424616187','2015-07-18 04:09:28','2015-08-26 03:08:16','US',988101441),(1851,'joao','victor','victor12122@hotmail.com','rua laplace qd 21 lt 18 jardim da luz goiania','','goiania','not mentioned','74850480','shopify1440424616188','2015-07-18 00:59:19','2015-08-26 03:08:16','BR',987307521),(1852,'Clabon','Richard','claybdadon@yahoo.com','310 S 40th St Apt B','','Killeen','not mentioned','76543','shopify1440424616189','2015-07-17 14:13:04','2015-08-26 03:08:16','US',983750401),(1853,'Lamont','Cary','lamont.cary@yahoo.com','3411 Walnut Bend Ln ','Apt 716','Houston ','not mentioned','77042','shopify1440424616190','2015-07-17 13:17:31','2015-08-26 03:08:16','US',983491521),(1854,'Mouhammad','ndiaye','ndiayemouhammad@gmail.com','2733 robert ave','','Cincinnati','not mentioned','45211','shopify1440424616191','2015-07-17 04:36:04','2015-08-26 03:08:16','US',982170369),(1855,'rick','bonner','bonner_rb@yahoo.com','303 14th Ave S','','Onalaska','not mentioned','54650','shopify1440424616192','2015-07-17 01:25:33','2015-08-26 03:08:16','US',981303873),(1856,'Nayankumar','Jaiswal','nayanbiztalk@yahoo.com','13003 Wickersham Ln','','Houston','not mentioned','77077','shopify1440424616193','2015-07-17 00:06:38','2015-08-26 03:08:16','US',980899393),(1857,'kenley','davidson','modkenz@hotmail.ca','795 Mohawk rd east','','hamilton','not mentioned','l8t2r4','shopify1440424617194','2015-07-16 03:04:39','2015-08-26 03:08:16','CA',974281217),(1858,'Kevin ','Childs ','Kevin.Childs91@Gmail.com','401 W COVELL RD','225','EDMOND ','not mentioned','73003-2002','shopify1440424617195','2015-07-16 01:02:22','2015-08-26 03:08:16','US',973599169),(1859,'Leroy','Okoro','lcokoro9@gmail.com','2001 south Michigan avenue','22A','Chicago','not mentioned','60616','shopify1440424617196','2015-07-15 22:45:33','2015-08-26 03:08:16','US',972857601),(1860,'Worship','Kulture','braunsy86@yahoo.com','735 King James Ct','','Bear','not mentioned','19701','shopify14405581871','2015-08-26 02:22:39','2015-08-26 03:03:07','US',1264374145),(1861,'Gonzalo','Castillo Jr','kingchile13@hotmail.com','3839 S. Campbell ave','','Chicago','not mentioned','60632','shopify14405581882','2015-08-25 20:43:35','2015-08-26 03:03:08','US',1261205889),(1862,'Victor Raul ','Cornejo renteria','raulcornejo4@hotmail.com','524 north shore rd','Apt a ','Absecon','not mentioned','08201','shopify14405581883','2015-08-25 19:21:04','2015-08-26 03:03:08','US',1260364865),(1863,'Reymundo ','Reyes','reyreyes.jc@gmail.com','701 Bonnie Meadow Lane','','Fort Washington ','not mentioned','20744','shopify14405581884','2015-08-25 18:34:48','2015-08-26 03:03:08','US',1259877441),(1864,'Bryant ','Williams ','bewilliams67@gmail.com','40364 Jacob Way ','','Murrieta ','not mentioned','92563','shopify14405581885','2015-08-25 17:46:41','2015-08-26 03:03:08','US',1259422657),(1865,'Thomas','Hollmon','thomashollmon@yahoo.com','529 maple ave','','Linden','not mentioned','07036','shopify14405581886','2015-08-25 16:18:47','2015-08-26 03:03:08','US',1258530177),(1866,'Keith ','taylor','illestkid21@yahoo.com','111 W.99th terr ','313 ','kansas city ','not mentioned','64114','shopify14405581887','2015-08-25 15:50:16','2015-08-26 03:03:08','US',1258292097),(1867,'Jessica ','Renner Thomas ','jrennerthomas@hotmail.com','6061 Gibson Ave ','','Tampa','not mentioned','33617','shopify14405581888','2015-08-25 15:49:19','2015-08-26 03:03:08','US',1258284737),(1868,'landon','stevens','kyle17067@gmail.com','115 rosewood ave','','lafayette','not mentioned','70506','shopify14405581889','2015-08-25 15:02:03','2015-08-26 03:03:08','US',1257879233),(1869,'Micah','Tanner','gregorytnnr@yahoo.com','300 Truvillion Trl NE','','Brookhaven','not mentioned','39601-9653','shopify144055818810','2015-08-25 01:47:56','2015-08-26 03:03:08','US',1252461121),(1870,'marlene','abreu','marlenemv@hotmail.com','pobox 2644','','Edgartown','not mentioned','02539','shopify144055818811','2015-08-25 00:24:15','2015-08-26 03:03:08','US',1251730369),(1871,'Donte ','Posey','donteaposey75@gmail.com','1204 pennsbury blvd','','Pittsburgh ','not mentioned','15205','shopify144055818812','2015-08-24 19:15:32','2015-08-26 03:03:08','US',1248917377),(1872,'Mike ','Jones','jonesy1883@hotmail.com','1140 Blair rd','','Burlington','not mentioned','L7M 1K9','shopify144055818813','2015-08-24 16:27:53','2015-08-26 03:03:08','CA',1247289985),(1873,'dinissa ','duvanova','dinissa@gmail.com','870SE 14th ave','','deerfield beach','not mentioned','33441','shopify144055818814','2015-08-24 16:25:58','2015-08-26 03:03:08','US',1247271681),(1874,'Raina','Cordova','cordova.raina@gmail.com','821 Topsail Lane','','Secwucys','not mentioned','07094','shopify144055818815','2015-08-24 15:20:06','2015-08-26 03:03:08','US',1246699329),(1875,'Erick','Miller','poolwill@yahoo.com','1350 myrtle ave','18','Plainfield','not mentioned','07063','shopify144055818816','2015-08-24 14:44:41','2015-08-26 03:03:08','US',1246408705),(1876,'Claudia','Sosa','adjl9400@yahoo.com','909 Waterford Way','','Euless','not mentioned','76039','shopify14405592141','2015-08-26 03:10:12','2015-08-26 03:20:14','US',1264665409),(1879,'krishn','kumar','freelancer8429@gmail.com','tesaasda','sdasdasd','werwe','AN','12345','cus_6voGrvm4T6N2mS','2015-09-06 06:29:11','2015-09-06 06:29:11','IN',NULL),(1880,'krishn','kumar','freelancer8429@gmail.com','tesaasda','sdasdasd','werwe','AN','12345','cus_6voKjSY8ZovHux','2015-09-06 06:33:20','2015-09-06 06:33:20','IN',NULL),(1881,'krishn','kumar','freelancer8429@gmail.com','tesaasda','sdasdasd','werwe','AN','12345','cus_6voOHn9fOKVAvj','2015-09-06 06:36:46','2015-09-06 06:36:46','IN',NULL),(1882,'krishn','kumar','freelancer8429@gmail.com','tesaasda','sdasdasd','werwe','AN','12345','cus_6voR8G2OkNqEl3','2015-09-06 06:39:48','2015-09-06 06:39:48','IN',NULL),(1883,'krishn','kumar','freelancer8429@gmail.com','tesaasda','sdasdasd','werwe','AN','12345','cus_6vp2uqR8R9l092','2015-09-06 07:16:59','2015-09-06 07:16:59','IN',NULL),(1884,'krishn','kumar','freelancer8429@gmail.com','tesaasda','sdasdasd','werwe','AN','12345','cus_6vp5CUczaCKzAR','2015-09-06 07:19:28','2015-09-06 07:19:28','IN',NULL),(1885,'krishn','kumar','freelancer8429@gmail.com','tesaasda','sdasdasd','werwe','AN','12345','cus_6vp8Rl1uWP5UPh','2015-09-06 07:23:19','2015-09-06 07:23:19','IN',NULL),(1886,'krishn','kumar','freelancer8429@gmail.com','tesaasda','sdasdasd','werwe','AN','12345','cus_6vqD1yVPFjvBll','2015-09-06 08:29:35','2015-09-06 08:29:35','IN',NULL),(1887,'krishn','kumar','freelancer8429@gmail.com','tesaasda','sdasdasd','werwe','03','12345','cus_6vqFcQTtefhL8e','2015-09-06 08:32:05','2015-09-06 08:32:05','IR',NULL),(1888,'krishn','kumar','freelancer8429@gmail.com','tesaasda','sdasdasd','werwe','AN','12345','cus_6vqI9srEa8K2jR','2015-09-06 08:34:28','2015-09-06 08:34:28','IN',NULL),(1889,'kk','kumar','kumar234557@gmail.com','k','kk','213','MAN','123123','cus_7S69i0go14gXQk','2015-12-01 10:51:26','2015-12-01 12:39:28','KZ',NULL);
/*!40000 ALTER TABLE `customers` ENABLE KEYS */;
UNLOCK TABLES;

--
-- Table structure for table `delayed_jobs`
--

DROP TABLE IF EXISTS `delayed_jobs`;
/*!40101 SET @saved_cs_client     = @@character_set_client */;
/*!40101 SET character_set_client = utf8 */;
CREATE TABLE `delayed_jobs` (
  `id` int(11) NOT NULL AUTO_INCREMENT,
  `priority` int(11) NOT NULL DEFAULT '0',
  `attempts` int(11) NOT NULL DEFAULT '0',
  `handler` text NOT NULL,
  `last_error` text,
  `run_at` datetime DEFAULT NULL,
  `locked_at` datetime DEFAULT NULL,
  `failed_at` datetime DEFAULT NULL,
  `locked_by` varchar(255) DEFAULT NULL,
  `queue` varchar(255) DEFAULT NULL,
  `created_at` datetime DEFAULT NULL,
  `updated_at` datetime DEFAULT NULL,
  PRIMARY KEY (`id`),
  KEY `delayed_jobs_priority` (`priority`,`run_at`)
) ENGINE=InnoDB DEFAULT CHARSET=latin1;
/*!40101 SET character_set_client = @saved_cs_client */;

--
-- Dumping data for table `delayed_jobs`
--

LOCK TABLES `delayed_jobs` WRITE;
/*!40000 ALTER TABLE `delayed_jobs` DISABLE KEYS */;
/*!40000 ALTER TABLE `delayed_jobs` ENABLE KEYS */;
UNLOCK TABLES;

--
-- Table structure for table `distributor_orders`
--

DROP TABLE IF EXISTS `distributor_orders`;
/*!40101 SET @saved_cs_client     = @@character_set_client */;
/*!40101 SET character_set_client = utf8 */;
CREATE TABLE `distributor_orders` (
  `id` int(11) NOT NULL AUTO_INCREMENT,
  `distributor_id` int(11) DEFAULT NULL,
  `order_id` int(11) DEFAULT NULL,
  `created_at` datetime DEFAULT NULL,
  `updated_at` datetime DEFAULT NULL,
  PRIMARY KEY (`id`)
) ENGINE=InnoDB AUTO_INCREMENT=5080 DEFAULT CHARSET=latin1;
/*!40101 SET character_set_client = @saved_cs_client */;

--
-- Dumping data for table `distributor_orders`
--

LOCK TABLES `distributor_orders` WRITE;
/*!40000 ALTER TABLE `distributor_orders` DISABLE KEYS */;
INSERT INTO `distributor_orders` VALUES (3924,4,3573,'2015-06-17 19:51:52','2015-07-01 05:25:18'),(3925,6,3574,'2015-06-17 13:29:19','2015-07-01 05:25:18'),(3926,6,3575,'2015-06-17 12:06:50','2015-07-01 05:25:18'),(3927,4,3576,'2015-06-16 19:46:19','2015-07-01 05:25:18'),(3928,6,3577,'2015-06-16 16:10:05','2015-07-01 05:25:19'),(3929,5,3578,'2015-06-16 13:02:02','2015-07-01 05:25:19'),(3930,5,3579,'2015-06-16 04:41:53','2015-07-01 05:25:19'),(3931,4,3580,'2015-06-15 15:51:59','2015-07-01 05:25:19'),(3932,7,3581,'2015-06-15 04:03:02','2015-07-01 05:25:19'),(3933,7,3582,'2015-06-15 03:33:34','2015-07-01 05:25:19'),(3934,5,3583,'2015-06-14 19:42:10','2015-07-01 05:25:20'),(3935,7,3584,'2015-06-14 14:53:49','2015-07-01 05:25:20'),(3936,3,3585,'2015-06-14 14:44:12','2015-07-01 05:25:20'),(3937,6,3586,'2015-06-14 05:56:28','2015-07-01 05:25:20'),(3938,4,3588,'2015-06-13 17:53:28','2015-07-01 05:43:15'),(3939,4,3589,'2015-06-13 16:26:38','2015-07-01 05:43:15'),(3940,7,3590,'2015-06-13 11:55:23','2015-07-01 05:43:16'),(3941,7,3591,'2015-06-13 05:49:09','2015-07-01 05:43:16'),(3942,7,3592,'2015-06-13 05:05:32','2015-07-01 05:43:16'),(3943,6,3593,'2015-06-13 03:29:42','2015-07-01 05:43:16'),(3944,4,3594,'2015-06-12 01:42:51','2015-07-01 05:43:16'),(3945,4,3595,'2015-06-11 21:25:18','2015-07-01 05:43:17'),(3946,2,3596,'2015-06-11 21:16:46','2015-07-01 05:43:17'),(3947,2,3597,'2015-06-11 20:51:14','2015-07-01 05:43:17'),(3948,4,3598,'2015-06-11 16:56:04','2015-07-01 05:43:17'),(3949,7,3599,'2015-06-11 14:01:06','2015-07-01 05:43:17'),(3950,7,3600,'2015-06-11 04:49:29','2015-07-01 05:43:18'),(3951,7,3601,'2015-06-11 03:51:53','2015-07-01 05:43:18'),(3952,4,3602,'2015-06-11 02:22:50','2015-07-01 05:43:18'),(3953,4,3603,'2015-06-11 00:58:26','2015-07-01 05:43:18'),(3954,4,3604,'2015-06-10 22:54:05','2015-07-01 05:43:18'),(3955,4,3605,'2015-06-10 22:48:18','2015-07-01 05:43:19'),(3956,7,3606,'2015-06-10 19:22:30','2015-07-01 05:43:19'),(3957,7,3607,'2015-06-10 16:37:45','2015-07-01 05:43:19'),(3958,3,3608,'2015-06-10 16:29:31','2015-07-01 05:43:19'),(3959,7,3609,'2015-06-10 15:23:40','2015-07-01 05:43:19'),(3960,4,3610,'2015-06-10 05:01:29','2015-07-01 05:43:20'),(3961,7,3612,'2015-06-09 16:47:34','2015-07-01 06:00:11'),(3962,7,3613,'2015-06-09 16:07:54','2015-07-01 06:00:11'),(3963,7,3614,'2015-06-09 16:04:41','2015-07-01 06:00:11'),(3964,4,3615,'2015-06-09 13:56:37','2015-07-01 06:00:11'),(3965,7,3616,'2015-06-09 11:42:50','2015-07-01 06:00:12'),(3966,4,3617,'2015-06-09 10:54:51','2015-07-01 06:00:12'),(3967,4,3618,'2015-06-09 06:35:05','2015-07-01 06:00:12'),(3968,4,3619,'2015-06-09 06:21:02','2015-07-01 06:00:12'),(3969,4,3620,'2015-06-09 00:34:20','2015-07-01 06:00:12'),(3970,4,3621,'2015-06-08 23:07:19','2015-07-01 06:00:13'),(3971,7,3622,'2015-06-08 19:15:16','2015-07-01 06:00:13'),(3972,4,3623,'2015-06-08 16:13:05','2015-07-01 06:00:13'),(3973,4,3624,'2015-06-08 11:28:36','2015-07-01 06:00:13'),(3974,4,3625,'2015-06-08 10:28:35','2015-07-01 06:00:13'),(3975,6,3626,'2015-06-08 02:44:26','2015-07-01 06:00:14'),(3976,7,3627,'2015-06-07 22:33:45','2015-07-01 06:00:14'),(3977,7,3628,'2015-06-07 13:36:51','2015-07-01 06:00:14'),(3978,4,3629,'2015-06-07 09:25:33','2015-07-01 06:00:14'),(3979,4,3630,'2015-06-07 06:17:33','2015-07-01 06:00:15'),(3980,6,3631,'2015-06-07 04:18:24','2015-07-01 06:00:15'),(3981,6,3632,'2015-06-07 04:05:50','2015-07-01 06:00:15'),(3982,7,3633,'2015-06-06 16:11:43','2015-07-01 06:00:15'),(3983,3,3634,'2015-06-06 05:34:59','2015-07-01 06:00:16'),(3984,3,3635,'2015-06-05 19:48:03','2015-07-01 06:00:16'),(3985,4,3636,'2015-06-05 06:54:32','2015-07-01 06:00:16'),(3986,4,3637,'2015-06-05 03:16:03','2015-07-01 06:00:16'),(3987,4,3638,'2015-06-05 01:03:11','2015-07-01 06:00:16'),(3988,4,3639,'2015-06-04 14:59:50','2015-07-01 06:00:17'),(3989,6,3640,'2015-06-04 11:48:46','2015-07-01 06:00:17'),(3990,4,3641,'2015-06-04 09:38:25','2015-07-01 06:00:17'),(3991,4,3642,'2015-06-03 23:34:49','2015-07-01 06:00:17'),(3992,4,3643,'2015-06-03 21:37:04','2015-07-01 06:00:17'),(3993,4,3644,'2015-06-03 21:31:02','2015-07-01 06:00:17'),(3994,6,3645,'2015-06-03 05:00:18','2015-07-01 06:00:18'),(3995,7,3646,'2015-06-02 22:35:53','2015-07-01 06:00:18'),(3996,4,3647,'2015-06-02 17:21:05','2015-07-01 06:00:18'),(3997,6,3648,'2015-06-02 17:00:24','2015-07-01 06:00:18'),(3998,4,3649,'2015-06-02 15:33:09','2015-07-01 06:00:18'),(3999,7,3650,'2015-06-02 09:43:20','2015-07-01 06:00:19'),(4000,4,3651,'2015-06-02 03:44:27','2015-07-01 06:00:19'),(4001,7,3652,'2015-06-02 03:38:03','2015-07-01 06:00:19'),(4002,4,3653,'2015-06-01 23:54:21','2015-07-01 06:00:19'),(4003,4,3654,'2015-06-01 23:37:56','2015-07-01 06:00:19'),(4004,4,3655,'2015-06-01 21:36:27','2015-07-01 06:00:20'),(4005,4,3656,'2015-06-01 18:55:32','2015-07-01 06:00:20'),(4006,7,3657,'2015-06-01 00:04:35','2015-07-01 06:00:20'),(4007,4,3658,'2015-05-31 22:59:34','2015-07-01 06:00:20'),(4008,6,3659,'2015-05-31 20:09:16','2015-07-01 06:00:20'),(4009,4,3660,'2015-05-31 16:48:58','2015-07-01 06:00:21'),(4010,4,3661,'2015-05-31 13:47:45','2015-07-01 06:00:22'),(4011,4,3662,'2015-05-31 10:13:44','2015-07-01 06:00:22'),(4012,4,3663,'2015-05-31 09:03:41','2015-07-01 06:00:22'),(4013,4,3664,'2015-05-31 00:12:18','2015-07-01 06:00:22'),(4014,4,3665,'2015-05-30 18:18:47','2015-07-01 06:00:22'),(4015,4,3666,'2015-05-30 18:14:18','2015-07-01 06:00:22'),(4016,4,3667,'2015-05-30 16:00:09','2015-07-01 06:00:23'),(4017,4,3668,'2015-05-30 15:30:06','2015-07-01 06:00:23'),(4018,4,3669,'2015-05-30 15:28:42','2015-07-01 06:00:23'),(4019,4,3670,'2015-05-30 05:49:55','2015-07-01 06:00:23'),(4020,7,3671,'2015-05-29 21:03:02','2015-07-01 06:00:24'),(4021,7,3672,'2015-05-29 20:38:56','2015-07-01 06:00:24'),(4022,7,3673,'2015-05-29 16:03:46','2015-07-01 06:00:24'),(4023,6,3674,'2015-05-29 14:40:45','2015-07-01 06:00:24'),(4024,4,3675,'2015-05-29 13:36:24','2015-07-01 06:00:25'),(4025,4,3676,'2015-05-28 21:23:46','2015-07-01 06:00:25'),(4026,4,3677,'2015-05-28 16:32:32','2015-07-01 06:00:25'),(4027,7,3678,'2015-05-28 08:09:45','2015-07-01 06:00:25'),(4028,2,3679,'2015-05-28 04:05:52','2015-07-01 06:00:25'),(4029,4,3680,'2015-05-28 02:03:57','2015-07-01 06:00:25'),(4030,4,3681,'2015-05-27 23:52:00','2015-07-01 06:00:26'),(4031,4,3682,'2015-05-27 22:21:39','2015-07-01 06:00:26'),(4032,4,3683,'2015-05-27 18:10:47','2015-07-01 06:00:26'),(4033,7,3684,'2015-05-27 10:46:52','2015-07-01 06:00:26'),(4034,4,3685,'2015-05-27 05:08:39','2015-07-01 06:00:26'),(4035,6,3686,'2015-05-26 22:18:25','2015-07-01 06:00:27'),(4036,6,3687,'2015-05-26 14:04:16','2015-07-01 06:00:27'),(4037,7,3688,'2015-05-26 05:54:14','2015-07-01 06:00:27'),(4038,4,3689,'2015-05-26 03:03:02','2015-07-01 06:00:27'),(4039,4,3690,'2015-05-26 01:10:40','2015-07-01 06:00:27'),(4040,7,3691,'2015-05-25 18:19:21','2015-07-01 06:00:28'),(4041,4,3692,'2015-05-25 17:33:27','2015-07-01 06:00:28'),(4042,6,3693,'2015-05-25 04:40:39','2015-07-01 06:00:28'),(4043,4,3694,'2015-05-24 15:12:31','2015-07-01 06:00:28'),(4044,4,3695,'2015-05-24 13:22:31','2015-07-01 06:00:28'),(4045,4,3696,'2015-05-23 23:36:14','2015-07-01 06:00:29'),(4046,7,3697,'2015-05-23 17:41:59','2015-07-01 06:00:29'),(4047,4,3698,'2015-05-23 15:10:22','2015-07-01 06:00:29'),(4048,4,3699,'2015-05-22 21:14:33','2015-07-01 06:00:29'),(4049,4,3700,'2015-05-22 19:28:13','2015-07-01 06:00:29'),(4050,4,3701,'2015-05-21 03:28:57','2015-07-01 06:00:29'),(4051,4,3702,'2015-05-21 02:38:20','2015-07-01 06:00:30'),(4052,7,3703,'2015-05-20 22:48:07','2015-07-01 06:00:30'),(4053,4,3704,'2015-05-20 19:56:11','2015-07-01 06:00:30'),(4054,4,3705,'2015-05-20 08:01:09','2015-07-01 06:00:30'),(4055,4,3706,'2015-05-19 22:04:14','2015-07-01 06:00:30'),(4056,4,3707,'2015-05-19 07:58:10','2015-07-01 06:00:31'),(4057,4,3708,'2015-05-19 02:56:05','2015-07-01 06:00:31'),(4058,4,3709,'2015-05-19 00:16:46','2015-07-01 06:00:31'),(4059,7,3710,'2015-05-18 12:54:18','2015-07-01 06:00:31'),(4060,6,3711,'2015-05-18 12:48:57','2015-07-01 06:00:31'),(4061,4,3712,'2015-05-18 03:26:43','2015-07-01 06:00:32'),(4062,4,3713,'2015-05-17 22:15:45','2015-07-01 06:00:32'),(4063,4,3714,'2015-05-17 19:56:35','2015-07-01 06:00:33'),(4064,7,3715,'2015-05-17 03:38:34','2015-07-01 06:00:33'),(4065,4,3716,'2015-05-16 11:35:43','2015-07-01 06:00:33'),(4066,6,3717,'2015-05-16 10:55:59','2015-07-01 06:00:33'),(4067,4,3718,'2015-05-16 09:15:15','2015-07-01 06:00:34'),(4068,6,3719,'2015-05-15 19:15:02','2015-07-01 06:00:34'),(4069,6,3720,'2015-05-15 14:51:08','2015-07-01 06:00:34'),(4070,4,3721,'2015-05-15 01:20:41','2015-07-01 06:00:34'),(4071,4,3722,'2015-05-14 19:29:45','2015-07-01 06:00:34'),(4072,2,3723,'2015-05-14 19:23:21','2015-07-01 06:00:35'),(4073,4,3724,'2015-05-14 18:53:58','2015-07-01 06:00:35'),(4074,4,3725,'2015-05-14 12:53:14','2015-07-01 06:00:35'),(4075,4,3726,'2015-05-14 06:58:55','2015-07-01 06:00:35'),(4076,4,3727,'2015-05-14 00:00:02','2015-07-01 06:00:35'),(4077,4,3728,'2015-05-13 14:50:19','2015-07-01 06:00:36'),(4078,4,3729,'2015-05-12 04:49:30','2015-07-01 06:00:36'),(4079,4,3730,'2015-05-11 23:12:14','2015-07-01 06:00:36'),(4080,4,3731,'2015-05-11 13:59:33','2015-07-01 06:00:36'),(4081,4,3732,'2015-05-11 12:59:10','2015-07-01 06:00:36'),(4082,4,3733,'2015-05-11 04:40:28','2015-07-01 06:00:37'),(4083,4,3734,'2015-05-11 04:26:41','2015-07-01 06:00:37'),(4084,6,3735,'2015-05-11 03:44:54','2015-07-01 06:00:37'),(4085,6,3736,'2015-05-10 23:45:19','2015-07-01 06:00:37'),(4086,6,3737,'2015-05-10 20:26:57','2015-07-01 06:00:37'),(4087,4,3738,'2015-05-10 11:35:00','2015-07-01 06:00:37'),(4088,4,3739,'2015-05-09 10:52:32','2015-07-01 06:00:38'),(4089,6,3740,'2015-05-09 03:52:33','2015-07-01 06:00:38'),(4090,3,3741,'2015-05-08 16:56:12','2015-07-01 06:00:38'),(4091,6,3742,'2015-05-08 07:13:38','2015-07-01 06:00:38'),(4092,6,3743,'2015-05-08 03:12:36','2015-07-01 06:00:38'),(4093,4,3744,'2015-05-07 23:52:47','2015-07-01 06:00:39'),(4094,4,3745,'2015-05-07 17:40:50','2015-07-01 06:00:39'),(4095,4,3746,'2015-05-07 17:32:49','2015-07-01 06:00:39'),(4096,4,3747,'2015-05-06 18:48:29','2015-07-01 06:00:39'),(4097,2,3748,'2015-05-06 05:39:12','2015-07-01 06:00:40'),(4098,4,3750,'2015-05-06 03:52:06','2015-07-01 06:00:59'),(4099,4,3751,'2015-05-06 00:28:45','2015-07-01 06:01:00'),(4100,4,3752,'2015-05-05 22:18:34','2015-07-01 06:01:00'),(4101,1,3753,'2015-05-05 21:02:48','2015-07-01 06:01:00'),(4102,2,3754,'2015-05-05 17:01:58','2015-07-01 06:01:00'),(4103,4,3755,'2015-05-05 14:07:45','2015-07-01 06:01:00'),(4104,2,3756,'2015-05-05 02:12:57','2015-07-01 06:01:01'),(4105,4,3757,'2015-05-04 07:11:05','2015-07-01 06:01:01'),(4106,6,3758,'2015-05-04 05:28:43','2015-07-01 06:01:01'),(4107,4,3759,'2015-05-03 14:18:43','2015-07-01 06:01:01'),(4108,4,3760,'2015-05-02 13:52:12','2015-07-01 06:01:01'),(4109,4,3761,'2015-05-02 05:48:40','2015-07-01 06:01:02'),(4110,4,3762,'2015-05-02 03:53:59','2015-07-01 06:01:02'),(4111,4,3763,'2015-05-02 00:03:30','2015-07-01 06:01:02'),(4112,4,3764,'2015-05-01 20:46:18','2015-07-01 06:01:02'),(4113,5,3765,'2015-05-01 17:38:34','2015-07-01 06:01:02'),(4114,4,3766,'2015-05-01 16:57:30','2015-07-01 06:01:03'),(4115,4,3767,'2015-05-01 15:42:46','2015-07-01 06:01:03'),(4116,4,3768,'2015-05-01 14:49:14','2015-07-01 06:01:03'),(4117,4,3769,'2015-05-01 14:24:02','2015-07-01 06:01:03'),(4118,2,3770,'2015-05-01 08:59:08','2015-07-01 06:01:03'),(4119,4,3771,'2015-05-01 00:25:14','2015-07-01 06:01:04'),(4120,4,3772,'2015-04-30 21:29:12','2015-07-01 06:01:04'),(4121,4,3773,'2015-04-30 19:21:11','2015-07-01 06:01:04'),(4122,6,3774,'2015-04-30 17:33:49','2015-07-01 06:01:04'),(4123,4,3775,'2015-04-29 21:22:44','2015-07-01 06:01:04'),(4124,4,3776,'2015-04-29 18:17:41','2015-07-01 06:01:05'),(4125,3,3777,'2015-04-29 17:59:26','2015-07-01 06:01:05'),(4126,4,3778,'2015-04-29 17:39:09','2015-07-01 06:01:05'),(4127,4,3779,'2015-04-29 17:24:49','2015-07-01 06:01:05'),(4128,4,3780,'2015-04-29 17:22:02','2015-07-01 06:01:05'),(4129,4,3781,'2015-04-29 15:58:50','2015-07-01 06:01:05'),(4130,4,3782,'2015-04-29 15:32:30','2015-07-01 06:01:06'),(4131,4,3783,'2015-04-29 13:39:26','2015-07-01 06:01:06'),(4132,4,3784,'2015-04-29 04:01:55','2015-07-01 06:01:06'),(4133,6,3785,'2015-04-28 23:08:04','2015-07-01 06:01:06'),(4134,4,3786,'2015-04-27 18:46:19','2015-07-01 06:01:06'),(4135,4,3787,'2015-04-27 16:36:58','2015-07-01 06:01:07'),(4136,4,3788,'2015-04-27 14:51:07','2015-07-01 06:01:07'),(4137,4,3789,'2015-04-27 14:43:37','2015-07-01 06:01:07'),(4138,2,3790,'2015-04-27 11:52:04','2015-07-01 06:01:07'),(4139,6,3791,'2015-04-27 01:45:55','2015-07-01 06:01:07'),(4140,4,3792,'2015-04-24 18:47:44','2015-07-01 06:01:07'),(4141,6,3793,'2015-04-24 17:45:29','2015-07-01 06:01:08'),(4142,6,3794,'2015-04-24 17:06:54','2015-07-01 06:01:08'),(4143,4,3796,'2015-04-24 06:04:13','2015-07-01 06:03:59'),(4144,4,3797,'2015-04-24 02:52:57','2015-07-01 06:03:59'),(4145,4,3798,'2015-04-24 00:18:58','2015-07-01 06:03:59'),(4146,6,3799,'2015-04-24 00:14:30','2015-07-01 06:03:59'),(4147,4,3800,'2015-04-23 19:01:46','2015-07-01 06:04:00'),(4148,4,3801,'2015-04-23 16:03:38','2015-07-01 06:04:00'),(4149,4,3802,'2015-04-23 07:58:43','2015-07-01 06:04:00'),(4150,4,3803,'2015-04-23 03:04:32','2015-07-01 06:04:00'),(4151,4,3804,'2015-04-23 01:16:53','2015-07-01 06:04:00'),(4152,6,3805,'2015-04-22 19:28:47','2015-07-01 06:04:01'),(4153,4,3807,'2015-04-22 15:35:29','2015-07-01 06:08:28'),(4154,4,3808,'2015-04-22 14:34:50','2015-07-01 06:08:30'),(4155,4,3809,'2015-04-22 03:20:23','2015-07-01 06:08:30'),(4156,4,3810,'2015-04-22 01:39:01','2015-07-01 06:08:30'),(4157,4,3811,'2015-04-21 17:49:13','2015-07-01 06:08:30'),(4158,3,3812,'2015-04-21 16:22:25','2015-07-01 06:08:30'),(4159,4,3813,'2015-04-21 13:11:37','2015-07-01 06:08:30'),(4160,4,3814,'2015-04-21 05:30:34','2015-07-01 06:08:31'),(4161,4,3815,'2015-04-20 20:31:56','2015-07-01 06:08:31'),(4162,4,3816,'2015-04-20 02:19:13','2015-07-01 06:08:31'),(4163,2,3817,'2015-04-20 01:34:46','2015-07-01 06:08:31'),(4164,4,3818,'2015-04-19 23:33:52','2015-07-01 06:08:31'),(4165,4,3819,'2015-04-19 23:27:42','2015-07-01 06:08:32'),(4166,4,3820,'2015-04-19 23:21:50','2015-07-01 06:08:32'),(4167,4,3821,'2015-04-19 14:02:39','2015-07-01 06:08:32'),(4168,4,3822,'2015-04-18 23:12:12','2015-07-01 06:08:32'),(4169,4,3823,'2015-04-18 21:39:35','2015-07-01 06:08:32'),(4170,4,3824,'2015-04-18 02:48:27','2015-07-01 06:08:33'),(4171,4,3825,'2015-04-17 16:37:45','2015-07-01 06:08:33'),(4172,4,3826,'2015-04-16 19:41:45','2015-07-01 06:08:33'),(4173,5,3827,'2015-04-16 17:47:56','2015-07-01 06:08:33'),(4174,4,3828,'2015-04-16 03:30:57','2015-07-01 06:08:33'),(4175,2,3829,'2015-04-16 03:02:49','2015-07-01 06:08:34'),(4176,4,3830,'2015-04-15 21:14:27','2015-07-01 06:08:34'),(4177,4,3831,'2015-04-14 21:10:13','2015-07-01 06:08:35'),(4178,4,3832,'2015-04-14 19:22:10','2015-07-01 06:08:35'),(4179,4,3833,'2015-04-14 05:04:56','2015-07-01 06:08:35'),(4180,4,3834,'2015-04-13 20:19:56','2015-07-01 06:08:35'),(4181,4,3835,'2015-04-13 13:39:29','2015-07-01 06:08:35'),(4182,4,3836,'2015-04-13 05:53:25','2015-07-01 06:08:36'),(4183,4,3837,'2015-04-12 23:58:46','2015-07-01 06:08:36'),(4184,4,3838,'2015-04-12 14:29:06','2015-07-01 06:08:36'),(4185,4,3839,'2015-04-12 10:20:46','2015-07-01 06:08:36'),(4186,4,3840,'2015-04-11 15:45:34','2015-07-01 06:08:36'),(4187,4,3841,'2015-04-10 13:52:31','2015-07-01 06:08:37'),(4188,1,3842,'2015-04-10 01:03:42','2015-07-01 06:08:37'),(4189,4,3843,'2015-04-09 16:46:08','2015-07-01 06:08:37'),(4190,1,3844,'2015-04-09 12:57:48','2015-07-01 06:08:37'),(4191,4,3845,'2015-04-09 04:38:38','2015-07-01 06:08:37'),(4192,1,3846,'2015-04-08 21:43:29','2015-07-01 06:08:37'),(4193,1,3847,'2015-04-08 19:11:16','2015-07-01 06:08:38'),(4194,1,3848,'2015-04-08 16:58:07','2015-07-01 06:08:38'),(4195,1,3849,'2015-04-08 15:27:17','2015-07-01 06:08:38'),(4196,1,3850,'2015-04-08 05:50:07','2015-07-01 06:08:38'),(4197,1,3851,'2015-04-08 02:03:25','2015-07-01 06:08:39'),(4198,1,3852,'2015-04-07 19:02:44','2015-07-01 06:08:39'),(4199,1,3853,'2015-04-07 17:55:02','2015-07-01 06:08:39'),(4200,1,3854,'2015-04-07 11:56:32','2015-07-01 06:08:40'),(4201,1,3855,'2015-04-06 22:52:59','2015-07-01 06:08:40'),(4202,1,3856,'2015-04-06 20:21:43','2015-07-01 06:08:40'),(4203,2,3857,'2015-04-06 13:18:20','2015-07-01 06:08:40'),(4204,1,3858,'2015-04-06 12:40:20','2015-07-01 06:08:40'),(4205,1,3859,'2015-04-05 05:30:12','2015-07-01 06:08:40'),(4206,4,3860,'2015-04-05 03:57:26','2015-07-01 06:08:41'),(4207,1,3861,'2015-04-05 01:22:27','2015-07-01 06:08:41'),(4208,4,3862,'2015-04-03 18:09:14','2015-07-01 06:08:41'),(4209,1,3863,'2015-04-03 13:49:32','2015-07-01 06:08:41'),(4210,1,3864,'2015-04-03 11:27:57','2015-07-01 06:08:41'),(4211,1,3865,'2015-04-03 02:15:31','2015-07-01 06:08:42'),(4212,1,3866,'2015-04-03 01:59:16','2015-07-01 06:08:42'),(4213,1,3867,'2015-04-03 01:53:49','2015-07-01 06:08:42'),(4214,1,3868,'2015-04-03 00:52:03','2015-07-01 06:08:42'),(4215,4,3869,'2015-04-03 00:27:42','2015-07-01 06:08:42'),(4216,1,3870,'2015-04-02 16:13:20','2015-07-01 06:08:43'),(4217,1,3871,'2015-04-02 16:08:46','2015-07-01 06:08:43'),(4218,4,3872,'2015-04-02 11:57:59','2015-07-01 06:08:43'),(4219,4,3873,'2015-04-02 11:45:13','2015-07-01 06:08:43'),(4220,4,3874,'2015-04-02 03:58:13','2015-07-01 06:08:44'),(4221,1,3875,'2015-04-01 15:40:55','2015-07-01 06:08:44'),(4222,1,3876,'2015-04-01 12:47:46','2015-07-01 06:08:44'),(4223,4,3877,'2015-04-01 11:38:13','2015-07-01 06:08:45'),(4224,1,3878,'2015-04-01 10:39:33','2015-07-01 06:08:45'),(4225,1,3879,'2015-04-01 01:58:34','2015-07-01 06:08:46'),(4226,1,3880,'2015-03-31 23:30:04','2015-07-01 06:08:46'),(4227,4,3881,'2015-03-31 23:19:59','2015-07-01 06:08:46'),(4228,1,3882,'2015-03-31 18:06:49','2015-07-01 06:08:46'),(4229,1,3883,'2015-03-31 17:51:52','2015-07-01 06:08:47'),(4230,1,3884,'2015-03-30 22:52:36','2015-07-01 06:08:47'),(4231,1,3885,'2015-03-30 15:01:46','2015-07-01 06:08:47'),(4232,2,3886,'2015-03-30 11:58:17','2015-07-01 06:08:47'),(4233,1,3887,'2015-03-30 00:45:47','2015-07-01 06:08:47'),(4234,4,3888,'2015-03-29 18:11:18','2015-07-01 06:08:47'),(4235,1,3889,'2015-03-29 14:22:28','2015-07-01 06:08:48'),(4236,4,3890,'2015-03-29 03:06:12','2015-07-01 06:08:48'),(4237,1,3891,'2015-03-28 23:33:44','2015-07-01 06:08:48'),(4238,4,3892,'2015-03-28 23:32:18','2015-07-01 06:08:48'),(4239,1,3893,'2015-03-28 20:39:18','2015-07-01 06:08:48'),(4240,4,3894,'2015-03-28 19:14:50','2015-07-01 06:08:49'),(4241,4,3895,'2015-03-28 15:54:23','2015-07-01 06:08:49'),(4242,1,3896,'2015-03-27 21:44:21','2015-07-01 06:08:49'),(4243,4,3897,'2015-03-27 14:40:28','2015-07-01 06:08:49'),(4244,1,3898,'2015-03-27 10:28:06','2015-07-01 06:08:50'),(4245,4,3899,'2015-03-27 06:49:56','2015-07-01 06:08:50'),(4246,1,3900,'2015-03-27 04:41:00','2015-07-01 06:08:50'),(4247,1,3901,'2015-03-27 02:43:31','2015-07-01 06:08:50'),(4248,4,3902,'2015-03-26 23:04:17','2015-07-01 06:08:50'),(4249,4,3903,'2015-03-26 21:59:35','2015-07-01 06:08:50'),(4250,4,3904,'2015-03-26 17:21:56','2015-07-01 06:08:51'),(4251,4,3905,'2015-03-26 16:40:08','2015-07-01 06:08:51'),(4252,4,3906,'2015-03-26 14:34:01','2015-07-01 06:08:51'),(4253,4,3907,'2015-03-26 08:35:32','2015-07-01 06:08:51'),(4254,4,3908,'2015-03-26 08:14:54','2015-07-01 06:08:51'),(4255,4,3909,'2015-03-26 02:50:06','2015-07-01 06:08:52'),(4256,1,3910,'2015-03-26 02:16:27','2015-07-01 06:08:52'),(4257,1,3911,'2015-03-26 02:09:52','2015-07-01 06:08:52'),(4258,4,3912,'2015-03-26 00:11:22','2015-07-01 06:08:52'),(4259,4,3913,'2015-03-25 22:47:55','2015-07-01 06:08:52'),(4260,4,3914,'2015-03-25 18:29:01','2015-07-01 06:08:52'),(4261,4,3915,'2015-03-25 17:48:24','2015-07-01 06:08:53'),(4262,4,3916,'2015-03-25 13:03:59','2015-07-01 06:08:53'),(4263,4,3917,'2015-03-25 11:27:46','2015-07-01 06:08:53'),(4264,4,3918,'2015-03-25 11:09:56','2015-07-01 06:08:53'),(4265,4,3919,'2015-03-25 08:01:11','2015-07-01 06:08:53'),(4266,4,3920,'2015-03-24 20:52:33','2015-07-01 06:08:54'),(4267,1,3921,'2015-03-24 16:25:45','2015-07-01 06:08:54'),(4268,4,3922,'2015-03-24 06:10:06','2015-07-01 06:08:54'),(4269,4,3923,'2015-03-24 04:04:30','2015-07-01 06:08:54'),(4270,4,3924,'2015-03-24 02:38:30','2015-07-01 06:08:55'),(4271,4,3925,'2015-03-24 01:08:19','2015-07-01 06:08:55'),(4272,4,3926,'2015-03-23 13:31:19','2015-07-01 06:08:55'),(4273,4,3927,'2015-03-23 05:28:20','2015-07-01 06:08:55'),(4274,1,3928,'2015-03-23 03:38:44','2015-07-01 06:08:55'),(4275,3,3929,'2015-03-23 02:38:52','2015-07-01 06:08:56'),(4276,4,3930,'2015-03-23 02:08:32','2015-07-01 06:08:56'),(4277,4,3931,'2015-03-23 00:27:02','2015-07-01 06:08:57'),(4278,4,3932,'2015-03-22 23:50:27','2015-07-01 06:08:57'),(4279,4,3933,'2015-03-22 23:45:49','2015-07-01 06:08:57'),(4280,4,3934,'2015-03-22 23:18:57','2015-07-01 06:08:58'),(4281,4,3935,'2015-03-22 16:31:08','2015-07-01 06:08:58'),(4282,4,3936,'2015-03-22 12:53:15','2015-07-01 06:08:58'),(4283,4,3937,'2015-03-22 12:05:15','2015-07-01 06:08:58'),(4284,4,3938,'2015-03-22 04:09:55','2015-07-01 06:08:58'),(4285,4,3939,'2015-03-20 20:47:51','2015-07-01 06:08:59'),(4286,4,3940,'2015-03-20 00:38:25','2015-07-01 06:08:59'),(4287,4,3941,'2015-03-19 19:37:34','2015-07-01 06:08:59'),(4288,4,3942,'2015-03-19 16:06:23','2015-07-01 06:08:59'),(4289,4,3943,'2015-03-19 15:52:14','2015-07-01 06:08:59'),(4290,1,3944,'2015-03-18 22:42:57','2015-07-01 06:09:00'),(4291,3,3945,'2015-03-18 17:42:03','2015-07-01 06:09:00'),(4292,4,3946,'2015-03-18 16:14:56','2015-07-01 06:09:00'),(4293,4,3947,'2015-03-18 00:24:35','2015-07-01 06:09:00'),(4294,4,3948,'2015-03-17 23:33:23','2015-07-01 06:09:01'),(4295,4,3949,'2015-03-17 21:26:36','2015-07-01 06:09:01'),(4296,4,3950,'2015-03-17 19:01:46','2015-07-01 06:09:01'),(4297,4,3951,'2015-03-16 12:27:48','2015-07-01 06:09:01'),(4298,1,3952,'2015-03-15 19:16:13','2015-07-01 06:09:01'),(4299,1,3953,'2015-03-15 04:39:37','2015-07-01 06:09:02'),(4300,4,3954,'2015-03-15 02:47:07','2015-07-01 06:09:02'),(4301,4,3955,'2015-03-14 21:54:47','2015-07-01 06:09:02'),(4302,4,3956,'2015-03-14 16:44:17','2015-07-01 06:09:02'),(4303,4,3957,'2015-03-14 16:17:46','2015-07-01 06:09:02'),(4304,4,3958,'2015-03-14 05:46:51','2015-07-01 06:09:02'),(4305,4,3959,'2015-03-12 20:12:56','2015-07-01 06:09:03'),(4306,1,3960,'2015-03-12 18:46:02','2015-07-01 06:09:03'),(4307,4,3961,'2015-03-12 17:38:20','2015-07-01 06:09:03'),(4308,4,3962,'2015-03-12 12:47:34','2015-07-01 06:09:03'),(4309,4,3963,'2015-03-12 05:06:47','2015-07-01 06:09:03'),(4310,4,3964,'2015-03-11 18:45:28','2015-07-01 06:09:04'),(4311,4,3965,'2015-03-11 15:16:46','2015-07-01 06:09:04'),(4312,4,3966,'2015-03-11 10:39:16','2015-07-01 06:09:04'),(4313,4,3967,'2015-03-10 23:37:36','2015-07-01 06:09:04'),(4314,4,3968,'2015-03-10 23:15:39','2015-07-01 06:09:04'),(4315,1,3969,'2015-03-10 20:02:40','2015-07-01 06:09:05'),(4316,3,3970,'2015-03-10 18:31:45','2015-07-01 06:09:05'),(4317,4,3971,'2015-03-10 15:53:54','2015-07-01 06:09:05'),(4318,4,3972,'2015-03-10 13:57:48','2015-07-01 06:09:05'),(4319,4,3973,'2015-03-08 16:19:09','2015-07-01 06:09:05'),(4320,4,3974,'2015-03-07 21:26:47','2015-07-01 06:09:05'),(4321,4,3975,'2015-03-07 18:18:20','2015-07-01 06:09:06'),(4322,1,3976,'2015-03-07 09:12:45','2015-07-01 06:09:06'),(4323,4,3977,'2015-03-06 22:50:25','2015-07-01 06:09:06'),(4324,4,3978,'2015-03-05 18:42:54','2015-07-01 06:09:06'),(4325,4,3979,'2015-03-05 14:24:15','2015-07-01 06:09:07'),(4326,4,3980,'2015-03-05 07:00:08','2015-07-01 06:09:07'),(4327,4,3981,'2015-03-04 03:13:22','2015-07-01 06:09:07'),(4328,4,3982,'2015-03-04 02:49:41','2015-07-01 06:09:07'),(4329,4,3983,'2015-03-03 03:57:55','2015-07-01 06:09:08'),(4330,4,3984,'2015-03-02 23:10:26','2015-07-01 06:09:08'),(4331,4,3985,'2015-03-02 07:03:11','2015-07-01 06:09:09'),(4332,4,3986,'2015-03-02 04:51:08','2015-07-01 06:09:09'),(4333,4,3987,'2015-03-02 02:37:37','2015-07-01 06:09:09'),(4334,4,3988,'2015-03-02 02:28:45','2015-07-01 06:09:09'),(4335,4,3989,'2015-03-01 22:50:36','2015-07-01 06:09:09'),(4336,4,3990,'2015-03-01 13:38:19','2015-07-01 06:09:10'),(4337,1,3991,'2015-03-01 01:16:47','2015-07-01 06:09:10'),(4338,4,3992,'2015-02-28 19:58:39','2015-07-01 06:09:10'),(4339,1,3993,'2015-02-28 01:45:31','2015-07-01 06:09:10'),(4340,1,3994,'2015-02-28 01:41:33','2015-07-01 06:09:11'),(4341,4,3995,'2015-02-27 18:32:20','2015-07-01 06:09:11'),(4342,4,3996,'2015-02-27 07:56:47','2015-07-01 06:09:11'),(4343,1,3997,'2015-02-27 02:26:03','2015-07-01 06:09:11'),(4344,4,3998,'2015-02-26 03:03:07','2015-07-01 06:09:11'),(4345,4,3999,'2015-02-26 00:51:43','2015-07-01 06:09:12'),(4346,4,4000,'2015-02-25 22:11:26','2015-07-01 06:09:12'),(4347,4,4001,'2015-02-25 20:41:18','2015-07-01 06:09:12'),(4348,4,4002,'2015-02-25 02:48:28','2015-07-01 06:09:12'),(4349,1,4003,'2015-02-24 19:34:23','2015-07-01 06:09:12'),(4350,4,4004,'2015-02-24 17:17:19','2015-07-01 06:09:13'),(4351,4,4005,'2015-02-24 02:40:55','2015-07-01 06:09:13'),(4352,4,4006,'2015-02-23 23:35:51','2015-07-01 06:09:13'),(4353,4,4007,'2015-02-23 16:40:10','2015-07-01 06:09:13'),(4354,4,4008,'2015-02-23 16:20:30','2015-07-01 06:09:13'),(4355,4,4009,'2015-02-22 04:14:50','2015-07-01 06:09:14'),(4356,4,4010,'2015-02-21 22:59:43','2015-07-01 06:09:14'),(4357,4,4011,'2015-02-20 21:29:20','2015-07-01 06:09:14'),(4358,4,4012,'2015-02-20 01:30:38','2015-07-01 06:09:14'),(4359,4,4013,'2015-02-19 20:56:31','2015-07-01 06:09:14'),(4360,4,4014,'2015-02-19 18:26:10','2015-07-01 06:09:15'),(4361,4,4015,'2015-02-19 09:08:38','2015-07-01 06:09:15'),(4362,4,4016,'2015-02-18 13:36:37','2015-07-01 06:09:15'),(4363,4,4017,'2015-02-18 03:14:53','2015-07-01 06:09:15'),(4364,4,4018,'2015-02-17 21:54:19','2015-07-01 06:09:16'),(4365,4,4019,'2015-02-16 06:10:25','2015-07-01 06:09:16'),(4366,4,4020,'2015-02-16 04:32:13','2015-07-01 06:09:16'),(4367,4,4021,'2015-02-16 02:27:35','2015-07-01 06:09:16'),(4368,4,4022,'2015-02-15 17:36:33','2015-07-01 06:09:16'),(4369,4,4023,'2015-02-14 18:01:39','2015-07-01 06:09:16'),(4370,1,4024,'2015-02-13 20:44:32','2015-07-01 06:09:17'),(4371,4,4025,'2015-02-13 19:46:37','2015-07-01 06:09:17'),(4372,4,4026,'2015-02-12 10:23:10','2015-07-01 06:09:17'),(4373,3,4027,'2015-02-12 01:58:50','2015-07-01 06:09:17'),(4374,4,4028,'2015-02-09 15:37:09','2015-07-01 06:09:18'),(4375,4,4029,'2015-02-09 00:16:38','2015-07-01 06:09:18'),(4376,4,4030,'2015-02-08 17:39:32','2015-07-01 06:09:18'),(4377,4,4031,'2015-02-07 03:52:04','2015-07-01 06:09:19'),(4378,4,4032,'2015-02-06 22:51:04','2015-07-01 06:09:19'),(4379,4,4033,'2015-02-05 18:23:16','2015-07-01 06:09:20'),(4380,4,4034,'2015-02-05 17:29:04','2015-07-01 06:09:20'),(4381,2,4035,'2015-02-03 18:41:53','2015-07-01 06:09:20'),(4382,2,4036,'2015-01-31 22:31:14','2015-07-01 06:09:20'),(4383,2,4037,'2015-01-31 15:55:06','2015-07-01 06:09:20'),(4384,2,4038,'2015-01-30 14:43:35','2015-07-01 06:09:21'),(4385,2,4039,'2015-01-12 10:05:53','2015-07-01 06:09:21'),(4386,4,4040,'2015-01-12 09:43:07','2015-07-01 06:09:21'),(4387,4,4041,'2014-12-27 04:44:33','2015-07-01 06:09:21'),(4388,4,4042,'2014-12-27 04:42:25','2015-07-01 06:09:21'),(4389,4,4043,'2014-12-27 04:36:59','2015-07-01 06:09:22'),(4390,4,4044,'2014-12-27 04:32:01','2015-07-01 06:09:22'),(4391,4,4045,'2014-12-27 03:43:05','2015-07-01 06:09:25'),(4392,4,4046,'2014-12-24 11:58:29','2015-07-01 06:09:25'),(4393,4,4047,'2014-12-19 07:58:37','2015-07-01 06:09:25'),(4394,4,4048,'2014-12-19 07:52:06','2015-07-01 06:09:25'),(4718,7,4372,'2015-08-26 03:12:45','2015-08-26 03:20:22'),(4719,4,4373,'2015-08-26 02:23:13','2015-08-26 03:20:22'),(4720,8,4374,'2015-08-26 02:12:30','2015-08-26 03:20:22'),(4721,7,4375,'2015-08-26 01:45:07','2015-08-26 03:20:22'),(4722,4,4376,'2015-08-25 22:47:12','2015-08-26 03:20:22'),(4723,4,4377,'2015-08-25 21:50:55','2015-08-26 03:20:23'),(4724,7,4378,'2015-08-25 20:45:17','2015-08-26 03:20:23'),(4725,7,4379,'2015-08-25 19:23:20','2015-08-26 03:20:23'),(4726,4,4380,'2015-08-25 17:48:53','2015-08-26 03:20:23'),(4727,4,4381,'2015-08-25 17:03:38','2015-08-26 03:20:23'),(4728,4,4382,'2015-08-25 16:43:54','2015-08-26 03:20:24'),(4729,4,4383,'2015-08-25 15:59:06','2015-08-26 03:20:24'),(4730,4,4384,'2015-08-25 15:44:28','2015-08-26 03:20:24'),(4731,4,4385,'2015-08-25 04:49:01','2015-08-26 03:20:25'),(4732,5,4386,'2015-08-25 01:48:23','2015-08-26 03:20:25'),(4733,7,4387,'2015-08-25 00:26:31','2015-08-26 03:20:25'),(4734,4,4388,'2015-08-24 19:20:25','2015-08-26 03:20:25'),(4735,4,4389,'2015-08-24 18:47:52','2015-08-26 03:20:26'),(4736,4,4390,'2015-08-24 16:29:34','2015-08-26 03:20:26'),(4737,7,4391,'2015-08-24 16:29:06','2015-08-26 03:20:26'),(4738,7,4392,'2015-08-24 15:22:05','2015-08-26 03:20:26'),(4739,4,4393,'2015-08-24 10:50:55','2015-08-26 03:20:26'),(4740,7,4394,'2015-08-24 03:56:05','2015-08-26 03:20:27'),(4741,4,4395,'2015-08-24 03:30:54','2015-08-26 03:20:27'),(4742,7,4396,'2015-08-23 23:34:08','2015-08-26 03:20:27'),(4743,4,4397,'2015-08-23 21:31:33','2015-08-26 03:20:27'),(4744,4,4398,'2015-08-23 16:29:04','2015-08-26 03:20:27'),(4745,4,4399,'2015-08-23 03:14:40','2015-08-26 03:20:28'),(4746,7,4400,'2015-08-23 00:44:15','2015-08-26 03:20:28'),(4747,4,4401,'2015-08-22 23:14:32','2015-08-26 03:20:28'),(4748,5,4402,'2015-08-22 20:39:47','2015-08-26 03:20:28'),(4749,7,4403,'2015-08-22 17:20:06','2015-08-26 03:20:28'),(4750,2,4404,'2015-08-22 16:07:40','2015-08-26 03:20:29'),(4751,7,4405,'2015-08-22 15:17:23','2015-08-26 03:20:29'),(4752,5,4406,'2015-08-22 14:32:43','2015-08-26 03:20:29'),(4753,4,4407,'2015-08-22 12:22:13','2015-08-26 03:20:29'),(4754,4,4408,'2015-08-22 07:12:05','2015-08-26 03:20:29'),(4755,4,4409,'2015-08-22 05:28:16','2015-08-26 03:20:30'),(4756,4,4410,'2015-08-22 03:11:29','2015-08-26 03:20:30'),(4757,4,4411,'2015-08-22 03:06:21','2015-08-26 03:20:30'),(4758,7,4412,'2015-08-22 02:57:54','2015-08-26 03:20:30'),(4759,7,4413,'2015-08-22 02:21:19','2015-08-26 03:20:30'),(4760,4,4414,'2015-08-22 01:28:08','2015-08-26 03:20:31'),(4761,7,4415,'2015-08-21 21:02:35','2015-08-26 03:20:31'),(4762,4,4416,'2015-08-21 14:47:41','2015-08-26 03:20:31'),(4763,7,4417,'2015-08-21 14:32:17','2015-08-26 03:20:31'),(4764,4,4418,'2015-08-21 05:37:49','2015-08-26 03:20:31'),(4765,4,4419,'2015-08-21 04:32:34','2015-08-26 03:20:32'),(4766,4,4420,'2015-08-20 23:45:45','2015-08-26 03:20:32'),(4767,5,4421,'2015-08-20 19:43:04','2015-08-26 03:20:32'),(4768,7,4422,'2015-08-20 16:48:11','2015-08-26 03:20:32'),(4769,5,4423,'2015-08-20 15:30:31','2015-08-26 03:20:32'),(4770,7,4424,'2015-08-20 15:11:39','2015-08-26 03:20:33'),(4771,5,4425,'2015-08-20 14:59:09','2015-08-26 03:20:33'),(4772,4,4426,'2015-08-20 06:49:56','2015-08-26 03:20:33'),(4773,4,4427,'2015-08-19 22:03:45','2015-08-26 03:20:33'),(4774,4,4428,'2015-08-19 17:35:25','2015-08-26 03:20:33'),(4775,4,4429,'2015-08-19 16:59:51','2015-08-26 03:20:34'),(4776,4,4430,'2015-08-19 15:57:49','2015-08-26 03:20:34'),(4777,7,4431,'2015-08-19 10:55:00','2015-08-26 03:20:34'),(4778,4,4432,'2015-08-19 09:00:49','2015-08-26 03:20:34'),(4779,4,4433,'2015-08-19 04:54:07','2015-08-26 03:20:34'),(4780,4,4434,'2015-08-19 03:09:02','2015-08-26 03:20:35'),(4781,4,4435,'2015-08-19 01:02:59','2015-08-26 03:20:35'),(4782,4,4436,'2015-08-18 19:07:08','2015-08-26 03:20:35'),(4783,7,4437,'2015-08-18 18:37:15','2015-08-26 03:20:36'),(4784,7,4438,'2015-08-18 18:28:02','2015-08-26 03:20:36'),(4785,7,4439,'2015-08-18 14:27:31','2015-08-26 03:20:37'),(4786,7,4440,'2015-08-18 12:04:38','2015-08-26 03:20:37'),(4787,7,4441,'2015-08-17 20:59:28','2015-08-26 03:20:37'),(4788,7,4442,'2015-08-17 18:08:10','2015-08-26 03:20:37'),(4789,2,4443,'2015-08-17 16:06:33','2015-08-26 03:20:37'),(4790,4,4444,'2015-08-17 13:36:01','2015-08-26 03:20:38'),(4791,4,4445,'2015-08-17 04:19:06','2015-08-26 03:20:38'),(4792,4,4446,'2015-08-17 02:55:09','2015-08-26 03:20:38'),(4793,4,4447,'2015-08-17 02:38:19','2015-08-26 03:20:38'),(4794,2,4448,'2015-08-17 01:44:48','2015-08-26 03:20:38'),(4795,7,4449,'2015-08-17 01:29:34','2015-08-26 03:20:38'),(4796,4,4450,'2015-08-16 22:36:22','2015-08-26 03:20:39'),(4797,4,4451,'2015-08-16 21:12:55','2015-08-26 03:20:39'),(4798,7,4452,'2015-08-16 20:37:03','2015-08-26 03:20:39'),(4799,7,4453,'2015-08-16 19:47:06','2015-08-26 03:20:39'),(4800,4,4454,'2015-08-16 19:00:51','2015-08-26 03:20:39'),(4801,4,4455,'2015-08-16 15:11:22','2015-08-26 03:20:40'),(4802,4,4456,'2015-08-16 12:40:14','2015-08-26 03:20:40'),(4803,4,4457,'2015-08-15 20:59:33','2015-08-26 03:20:40'),(4804,4,4458,'2015-08-15 17:35:14','2015-08-26 03:20:40'),(4805,4,4459,'2015-08-15 17:19:47','2015-08-26 03:20:40'),(4806,4,4460,'2015-08-15 16:35:54','2015-08-26 03:20:41'),(4807,4,4461,'2015-08-15 14:51:05','2015-08-26 03:20:41'),(4808,4,4462,'2015-08-15 05:40:32','2015-08-26 03:20:41'),(4809,7,4463,'2015-08-15 02:32:35','2015-08-26 03:20:41'),(4810,4,4464,'2015-08-15 02:05:50','2015-08-26 03:20:41'),(4811,7,4465,'2015-08-15 00:16:28','2015-08-26 03:20:42'),(4812,4,4466,'2015-08-15 00:15:22','2015-08-26 03:20:42'),(4813,4,4467,'2015-08-14 22:04:01','2015-08-26 03:20:42'),(4814,4,4468,'2015-08-14 20:01:36','2015-08-26 03:20:42'),(4815,5,4469,'2015-08-14 19:48:24','2015-08-26 03:20:42'),(4816,4,4470,'2015-08-14 14:06:54','2015-08-26 03:20:43'),(4817,2,4471,'2015-08-14 12:53:58','2015-08-26 03:20:43'),(4818,7,4472,'2015-08-14 11:47:58','2015-08-26 03:20:43'),(4819,4,4473,'2015-08-14 06:05:05','2015-08-26 03:20:43'),(4820,4,4474,'2015-08-14 03:41:42','2015-08-26 03:20:43'),(4821,7,4475,'2015-08-14 03:25:13','2015-08-26 03:20:44'),(4822,5,4476,'2015-08-14 02:56:13','2015-08-26 03:20:44'),(4823,4,4477,'2015-08-13 19:25:46','2015-08-26 03:20:44'),(4824,4,4478,'2015-08-13 18:57:44','2015-08-26 03:20:44'),(4825,4,4479,'2015-08-13 18:54:40','2015-08-26 03:20:45'),(4826,5,4480,'2015-08-13 16:21:44','2015-08-26 03:20:45'),(4827,5,4481,'2015-08-13 14:23:17','2015-08-26 03:20:45'),(4828,7,4482,'2015-08-13 12:00:55','2015-08-26 03:20:45'),(4829,7,4483,'2015-08-13 06:41:05','2015-08-26 03:20:45'),(4830,4,4484,'2015-08-13 06:39:48','2015-08-26 03:20:45'),(4831,7,4485,'2015-08-13 03:42:54','2015-08-26 03:20:46'),(4832,7,4486,'2015-08-13 02:53:31','2015-08-26 03:20:46'),(4833,7,4487,'2015-08-13 02:31:59','2015-08-26 03:20:46'),(4834,7,4488,'2015-08-12 23:46:03','2015-08-26 03:20:47'),(4835,4,4489,'2015-08-12 19:38:44','2015-08-26 03:20:48'),(4836,7,4490,'2015-08-12 17:46:05','2015-08-26 03:20:48'),(4837,7,4491,'2015-08-12 15:51:52','2015-08-26 03:20:48'),(4838,4,4492,'2015-08-12 05:42:58','2015-08-26 03:20:48'),(4839,7,4493,'2015-08-12 02:02:30','2015-08-26 03:20:48'),(4840,4,4494,'2015-08-12 01:51:33','2015-08-26 03:20:49'),(4841,4,4495,'2015-08-12 00:55:27','2015-08-26 03:20:49'),(4842,4,4496,'2015-08-12 00:25:28','2015-08-26 03:20:49'),(4843,4,4497,'2015-08-11 19:24:41','2015-08-26 03:20:49'),(4844,4,4498,'2015-08-11 18:35:52','2015-08-26 03:20:49'),(4845,4,4499,'2015-08-11 17:12:54','2015-08-26 03:20:50'),(4846,7,4500,'2015-08-11 14:55:48','2015-08-26 03:20:50'),(4847,7,4501,'2015-08-11 09:12:02','2015-08-26 03:20:50'),(4848,7,4502,'2015-08-11 01:58:02','2015-08-26 03:20:50'),(4849,5,4503,'2015-08-11 01:03:28','2015-08-26 03:20:50'),(4850,7,4504,'2015-08-10 20:32:11','2015-08-26 03:20:51'),(4851,4,4505,'2015-08-10 17:33:35','2015-08-26 03:20:51'),(4852,7,4506,'2015-08-10 17:29:01','2015-08-26 03:20:51'),(4853,7,4507,'2015-08-10 17:00:58','2015-08-26 03:20:51'),(4854,4,4508,'2015-08-10 09:42:01','2015-08-26 03:20:51'),(4855,7,4509,'2015-08-10 05:05:52','2015-08-26 03:20:52'),(4856,3,4510,'2015-08-10 04:17:09','2015-08-26 03:20:52'),(4857,2,4511,'2015-08-10 01:49:37','2015-08-26 03:20:52'),(4858,3,4512,'2015-08-09 17:00:36','2015-08-26 03:20:52'),(4859,4,4513,'2015-08-09 11:59:43','2015-08-26 03:20:53'),(4860,7,4514,'2015-08-09 00:59:28','2015-08-26 03:20:53'),(4861,3,4515,'2015-08-08 20:47:25','2015-08-26 03:20:53'),(4862,7,4516,'2015-08-08 19:30:20','2015-08-26 03:20:53'),(4863,7,4517,'2015-08-08 18:47:58','2015-08-26 03:20:53'),(4864,4,4518,'2015-08-08 13:58:57','2015-08-26 03:20:54'),(4865,7,4519,'2015-08-08 10:20:39','2015-08-26 03:20:54'),(4866,7,4520,'2015-08-08 05:02:12','2015-08-26 03:20:54'),(4867,4,4521,'2015-08-08 03:50:16','2015-08-26 03:20:54'),(4868,4,4522,'2015-08-07 22:23:41','2015-08-26 03:20:54'),(4869,4,4523,'2015-08-07 21:00:50','2015-08-26 03:20:55'),(4870,4,4524,'2015-08-07 16:43:50','2015-08-26 03:20:55'),(4871,7,4525,'2015-08-07 04:23:35','2015-08-26 03:20:55'),(4872,7,4526,'2015-08-07 02:43:18','2015-08-26 03:20:55'),(4873,5,4527,'2015-08-07 01:03:00','2015-08-26 03:20:55'),(4874,7,4528,'2015-08-07 00:16:47','2015-08-26 03:20:56'),(4875,5,4529,'2015-08-06 20:43:44','2015-08-26 03:20:56'),(4876,4,4530,'2015-08-06 20:31:55','2015-08-26 03:20:56'),(4877,4,4531,'2015-08-06 19:18:09','2015-08-26 03:20:56'),(4878,7,4532,'2015-08-06 19:02:47','2015-08-26 03:20:56'),(4879,5,4533,'2015-08-06 15:58:16','2015-08-26 03:20:57'),(4880,7,4534,'2015-08-06 14:32:21','2015-08-26 03:20:57'),(4881,4,4535,'2015-08-06 12:35:37','2015-08-26 03:20:57'),(4882,7,4536,'2015-08-06 10:11:13','2015-08-26 03:20:57'),(4883,5,4537,'2015-08-06 02:22:37','2015-08-26 03:20:57'),(4884,4,4538,'2015-08-05 23:47:23','2015-08-26 03:20:58'),(4885,4,4539,'2015-08-05 18:22:13','2015-08-26 03:20:59'),(4886,5,4540,'2015-08-05 18:20:50','2015-08-26 03:20:59'),(4887,5,4541,'2015-08-05 16:28:16','2015-08-26 03:21:00'),(4888,5,4542,'2015-08-05 14:04:37','2015-08-26 03:21:00'),(4889,4,4543,'2015-08-05 12:34:16','2015-08-26 03:21:00'),(4890,7,4544,'2015-08-05 04:44:04','2015-08-26 03:21:00'),(4891,7,4545,'2015-08-05 03:23:56','2015-08-26 03:21:00'),(4892,7,4546,'2015-08-04 21:18:41','2015-08-26 03:21:01'),(4893,7,4547,'2015-08-04 20:00:17','2015-08-26 03:21:01'),(4894,7,4548,'2015-08-04 17:26:05','2015-08-26 03:21:01'),(4895,7,4549,'2015-08-04 12:32:19','2015-08-26 03:21:01'),(4896,5,4550,'2015-08-04 06:31:08','2015-08-26 03:21:01'),(4897,4,4551,'2015-08-04 03:51:40','2015-08-26 03:21:01'),(4898,4,4552,'2015-08-04 03:07:58','2015-08-26 03:21:02'),(4899,4,4553,'2015-08-03 20:19:42','2015-08-26 03:21:02'),(4900,7,4554,'2015-08-03 19:57:18','2015-08-26 03:21:02'),(4901,4,4555,'2015-08-03 18:32:26','2015-08-26 03:21:02'),(4902,4,4556,'2015-08-03 16:56:57','2015-08-26 03:21:03'),(4903,7,4557,'2015-08-03 15:35:05','2015-08-26 03:21:03'),(4904,4,4558,'2015-08-03 14:13:38','2015-08-26 03:21:03'),(4905,4,4559,'2015-08-03 11:47:36','2015-08-26 03:21:03'),(4906,4,4560,'2015-08-03 09:30:18','2015-08-26 03:21:04'),(4907,7,4561,'2015-08-02 16:01:35','2015-08-26 03:21:04'),(4908,2,4562,'2015-08-02 13:42:42','2015-08-26 03:21:04'),(4909,7,4563,'2015-08-02 10:01:51','2015-08-26 03:21:04'),(4910,7,4564,'2015-08-01 20:08:46','2015-08-26 03:21:04'),(4911,4,4565,'2015-08-01 13:45:49','2015-08-26 03:21:05'),(4912,4,4566,'2015-07-31 22:53:52','2015-08-26 03:21:05'),(4913,7,4567,'2015-07-31 17:10:55','2015-08-26 03:21:05'),(4914,7,4568,'2015-07-31 13:03:18','2015-08-26 03:21:05'),(4915,7,4569,'2015-07-31 00:57:39','2015-08-26 03:21:05'),(4916,4,4570,'2015-07-31 00:53:02','2015-08-26 03:21:06'),(4917,4,4571,'2015-07-30 21:17:52','2015-08-26 03:21:06'),(4918,4,4572,'2015-07-30 20:29:02','2015-08-26 03:21:06'),(4919,5,4573,'2015-07-29 20:50:04','2015-08-26 03:21:06'),(4920,4,4574,'2015-07-29 14:15:19','2015-08-26 03:21:06'),(4921,7,4575,'2015-07-28 19:35:38','2015-08-26 03:21:07'),(4922,4,4576,'2015-07-28 05:19:51','2015-08-26 03:21:07'),(4923,7,4577,'2015-07-27 20:49:59','2015-08-26 03:21:07'),(4924,4,4578,'2015-07-27 19:09:39','2015-08-26 03:21:07'),(4925,4,4579,'2015-07-27 14:41:29','2015-08-26 03:21:07'),(4926,7,4580,'2015-07-26 22:52:05','2015-08-26 03:21:08'),(4927,3,4581,'2015-07-26 22:00:01','2015-08-26 03:21:08'),(4928,4,4582,'2015-07-26 21:09:45','2015-08-26 03:21:08'),(4929,4,4583,'2015-07-26 19:46:11','2015-08-26 03:21:08'),(4930,4,4584,'2015-07-26 17:22:25','2015-08-26 03:21:09'),(4931,4,4585,'2015-07-26 15:40:01','2015-08-26 03:21:09'),(4932,4,4586,'2015-07-26 13:33:32','2015-08-26 03:21:09'),(4933,4,4587,'2015-07-26 07:31:10','2015-08-26 03:21:10'),(4934,4,4588,'2015-07-26 05:12:46','2015-08-26 03:21:10'),(4935,7,4589,'2015-07-26 04:56:02','2015-08-26 03:21:10'),(4936,5,4590,'2015-07-26 03:21:35','2015-08-26 03:21:11'),(4937,7,4591,'2015-07-26 00:57:00','2015-08-26 03:21:11'),(4938,4,4592,'2015-07-25 21:41:25','2015-08-26 03:21:11'),(4939,7,4593,'2015-07-25 21:26:43','2015-08-26 03:21:11'),(4940,5,4594,'2015-07-25 20:55:34','2015-08-26 03:21:11'),(4941,4,4595,'2015-07-25 17:50:59','2015-08-26 03:21:12'),(4942,5,4596,'2015-07-25 17:14:34','2015-08-26 03:21:12'),(4943,5,4597,'2015-07-25 17:10:52','2015-08-26 03:21:12'),(4944,7,4598,'2015-07-25 17:09:24','2015-08-26 03:21:12'),(4945,7,4599,'2015-07-25 16:59:30','2015-08-26 03:21:12'),(4946,5,4600,'2015-07-25 03:50:18','2015-08-26 03:21:13'),(4947,4,4601,'2015-07-23 16:58:29','2015-08-26 03:21:13'),(4948,4,4602,'2015-07-23 00:04:07','2015-08-26 03:21:13'),(4949,7,4603,'2015-07-22 23:00:15','2015-08-26 03:21:14'),(4950,4,4604,'2015-07-22 20:07:44','2015-08-26 03:21:14'),(4951,3,4605,'2015-07-22 18:03:19','2015-08-26 03:21:14'),(4952,6,4606,'2015-07-22 15:59:08','2015-08-26 03:21:14'),(4953,7,4607,'2015-07-22 11:22:42','2015-08-26 03:21:14'),(4954,6,4608,'2015-07-22 04:31:45','2015-08-26 03:21:15'),(4955,4,4609,'2015-07-21 22:53:56','2015-08-26 03:21:15'),(4956,6,4610,'2015-07-21 22:43:32','2015-08-26 03:21:15'),(4957,6,4611,'2015-07-21 20:34:49','2015-08-26 03:21:15'),(4958,6,4612,'2015-07-21 17:12:09','2015-08-26 03:21:15'),(4959,5,4613,'2015-07-21 13:02:25','2015-08-26 03:21:16'),(4960,6,4614,'2015-07-21 11:42:59','2015-08-26 03:21:16'),(4961,7,4615,'2015-07-21 00:35:10','2015-08-26 03:21:16'),(4962,7,4616,'2015-07-20 18:57:59','2015-08-26 03:21:16'),(4963,7,4617,'2015-07-20 18:44:44','2015-08-26 03:21:16'),(4964,7,4618,'2015-07-20 18:32:33','2015-08-26 03:21:17'),(4965,6,4619,'2015-07-20 15:50:00','2015-08-26 03:21:17'),(4966,6,4620,'2015-07-20 15:45:55','2015-08-26 03:21:17'),(4967,7,4621,'2015-07-19 20:27:12','2015-08-26 03:21:17'),(4968,6,4622,'2015-07-19 14:55:31','2015-08-26 03:21:35'),(4969,6,4623,'2015-07-19 09:53:21','2015-08-26 03:21:36'),(4970,5,4624,'2015-07-18 20:25:16','2015-08-26 03:21:36'),(4971,6,4625,'2015-07-18 16:04:44','2015-08-26 03:21:36'),(4972,4,4626,'2015-07-18 08:03:26','2015-08-26 03:21:37'),(4973,6,4627,'2015-07-18 04:10:10','2015-08-26 03:21:37'),(4974,7,4628,'2015-07-17 19:43:44','2015-08-26 03:21:37'),(4975,4,4629,'2015-07-17 15:53:01','2015-08-26 03:21:37'),(4976,6,4630,'2015-07-17 14:14:24','2015-08-26 03:21:37'),(4977,4,4631,'2015-07-17 13:24:17','2015-08-26 03:21:38'),(4978,4,4632,'2015-07-17 01:28:59','2015-08-26 03:21:38'),(4979,5,4633,'2015-07-17 00:12:16','2015-08-26 03:21:38'),(4980,4,4634,'2015-07-16 20:49:00','2015-08-26 03:21:38'),(4981,4,4635,'2015-07-16 17:20:10','2015-08-26 03:21:38'),(4982,6,4636,'2015-07-16 17:11:17','2015-08-26 03:21:39'),(4983,5,4637,'2015-07-16 14:29:37','2015-08-26 03:21:39'),(4984,6,4638,'2015-07-16 14:03:19','2015-08-26 03:21:39'),(4985,6,4639,'2015-07-16 03:05:11','2015-08-26 03:21:39'),(4986,4,4640,'2015-07-16 01:04:49','2015-08-26 03:21:39'),(4987,6,4641,'2015-07-15 06:32:40','2015-08-26 03:21:40'),(4988,6,4642,'2015-07-15 01:47:15','2015-08-26 03:21:40'),(4989,7,4643,'2015-07-14 23:15:08','2015-08-26 03:21:40'),(4990,6,4644,'2015-07-14 21:56:41','2015-08-26 03:21:40'),(4991,4,4645,'2015-07-14 01:11:31','2015-08-26 03:21:41'),(4992,7,4646,'2015-07-14 00:15:20','2015-08-26 03:21:41'),(4993,5,4647,'2015-07-13 23:52:05','2015-08-26 03:21:41'),(4994,6,4648,'2015-07-13 19:25:58','2015-08-26 03:21:41'),(4995,7,4649,'2015-07-13 10:59:15','2015-08-26 03:21:41'),(4996,7,4650,'2015-07-12 21:50:10','2015-08-26 03:21:41'),(4997,6,4651,'2015-07-12 21:23:13','2015-08-26 03:21:42'),(4998,7,4652,'2015-07-12 07:52:14','2015-08-26 03:21:42'),(4999,6,4653,'2015-07-11 23:08:48','2015-08-26 03:21:42'),(5000,6,4654,'2015-07-11 13:31:29','2015-08-26 03:21:42'),(5001,2,4655,'2015-07-11 06:13:46','2015-08-26 03:21:42'),(5002,7,4656,'2015-07-10 23:35:21','2015-08-26 03:21:43'),(5003,6,4657,'2015-07-10 19:39:47','2015-08-26 03:21:43'),(5004,6,4658,'2015-07-10 17:19:13','2015-08-26 03:21:43'),(5005,6,4659,'2015-07-10 07:32:11','2015-08-26 03:21:43'),(5006,6,4660,'2015-07-10 06:33:39','2015-08-26 03:21:43'),(5007,7,4661,'2015-07-10 02:40:03','2015-08-26 03:21:44'),(5008,7,4662,'2015-07-09 23:51:16','2015-08-26 03:21:44'),(5009,6,4663,'2015-07-09 20:51:13','2015-08-26 03:21:44'),(5010,4,4664,'2015-07-09 19:56:29','2015-08-26 03:21:44'),(5011,6,4665,'2015-07-09 16:12:40','2015-08-26 03:21:44'),(5012,6,4666,'2015-07-09 06:04:56','2015-08-26 03:21:45'),(5013,5,4667,'2015-07-08 23:14:12','2015-08-26 03:21:45'),(5014,7,4668,'2015-07-08 22:02:16','2015-08-26 03:21:45'),(5015,6,4669,'2015-07-08 18:27:03','2015-08-26 03:21:45'),(5016,4,4670,'2015-07-08 17:43:43','2015-08-26 03:21:46'),(5017,7,4671,'2015-07-08 13:53:11','2015-08-26 03:21:46'),(5018,6,4672,'2015-07-08 00:31:29','2015-08-26 03:21:47'),(5019,4,4673,'2015-07-07 17:55:24','2015-08-26 03:21:47'),(5020,4,4674,'2015-07-07 14:11:41','2015-08-26 03:21:47'),(5021,5,4675,'2015-07-07 06:41:16','2015-08-26 03:21:47'),(5022,7,4676,'2015-07-07 05:02:33','2015-08-26 03:21:47'),(5023,7,4677,'2015-07-06 23:06:43','2015-08-26 03:21:48'),(5024,4,4678,'2015-07-06 19:31:58','2015-08-26 03:21:48'),(5025,6,4679,'2015-07-06 19:30:00','2015-08-26 03:21:48'),(5026,6,4680,'2015-07-06 15:42:32','2015-08-26 03:21:48'),(5027,4,4681,'2015-07-06 03:50:56','2015-08-26 03:21:48'),(5028,6,4682,'2015-07-06 02:24:22','2015-08-26 03:21:49'),(5029,4,4683,'2015-07-06 00:39:28','2015-08-26 03:21:49'),(5030,4,4684,'2015-07-05 22:22:35','2015-08-26 03:21:49'),(5031,6,4685,'2015-07-05 20:25:53','2015-08-26 03:21:49'),(5032,5,4686,'2015-07-05 19:59:22','2015-08-26 03:21:49'),(5033,6,4687,'2015-07-05 18:01:07','2015-08-26 03:21:50'),(5034,6,4688,'2015-07-05 03:31:52','2015-08-26 03:21:50'),(5035,6,4689,'2015-07-05 01:14:47','2015-08-26 03:21:50'),(5036,5,4690,'2015-07-05 00:49:30','2015-08-26 03:21:50'),(5037,4,4691,'2015-07-04 00:04:50','2015-08-26 03:21:51'),(5038,6,4692,'2015-07-03 20:09:16','2015-08-26 03:21:51'),(5039,4,4693,'2015-07-02 23:55:18','2015-08-26 03:21:51'),(5040,5,4694,'2015-07-02 21:49:34','2015-08-26 03:21:51'),(5041,5,4695,'2015-07-02 17:59:54','2015-08-26 03:21:51'),(5042,6,4696,'2015-07-02 08:55:08','2015-08-26 03:21:52'),(5043,4,4697,'2015-07-02 06:58:04','2015-08-26 03:21:52'),(5044,6,4698,'2015-07-02 04:53:47','2015-08-26 03:21:52'),(5045,6,4699,'2015-07-02 04:21:12','2015-08-26 03:21:52'),(5046,6,4700,'2015-07-02 02:32:08','2015-08-26 03:21:52'),(5047,6,4701,'2015-07-02 01:15:54','2015-08-26 03:21:53'),(5048,6,4702,'2015-07-02 01:03:24','2015-08-26 03:21:53'),(5049,6,4703,'2015-07-02 00:02:08','2015-08-26 03:21:53'),(5050,4,4704,'2015-07-01 16:43:28','2015-08-26 03:21:53'),(5051,4,4705,'2015-07-01 15:46:57','2015-08-26 03:21:53'),(5052,3,4706,'2015-06-30 21:28:45','2015-08-26 03:21:54'),(5053,2,4707,'2015-06-30 04:12:59','2015-08-26 03:21:54'),(5054,6,4708,'2015-06-29 23:56:36','2015-08-26 03:21:54'),(5055,4,4709,'2015-06-29 11:14:48','2015-08-26 03:21:55'),(5056,4,4710,'2015-06-29 04:12:05','2015-08-26 03:21:55'),(5057,6,4711,'2015-06-28 14:02:46','2015-08-26 03:21:55'),(5058,4,4712,'2015-06-28 01:59:02','2015-08-26 03:21:55'),(5059,4,4713,'2015-06-27 16:01:14','2015-08-26 03:21:56'),(5060,6,4714,'2015-06-27 08:30:06','2015-08-26 03:21:56'),(5061,2,4715,'2015-06-26 18:37:14','2015-08-26 03:21:56'),(5062,4,4716,'2015-06-25 14:08:13','2015-08-26 03:21:56'),(5063,6,4717,'2015-06-25 13:56:56','2015-08-26 03:21:57'),(5064,6,4718,'2015-06-23 00:06:04','2015-08-26 03:21:58'),(5065,6,4719,'2015-06-22 22:02:40','2015-08-26 03:21:58'),(5066,4,4720,'2015-06-22 03:09:45','2015-08-26 03:21:58'),(5067,4,4721,'2015-06-20 21:05:23','2015-08-26 03:21:59'),(5068,6,4722,'2015-06-20 19:54:45','2015-08-26 03:21:59'),(5069,6,4723,'2015-06-20 15:58:28','2015-08-26 03:21:59'),(5070,4,4724,'2015-06-20 02:25:57','2015-08-26 03:21:59'),(5071,6,4725,'2015-06-19 20:32:51','2015-08-26 03:21:59'),(5072,4,4726,'2015-06-19 16:25:48','2015-08-26 03:22:00'),(5073,6,4727,'2015-06-19 09:55:21','2015-08-26 03:22:00'),(5074,6,4728,'2015-06-19 07:27:40','2015-08-26 03:22:00'),(5075,4,4729,'2015-06-19 00:58:09','2015-08-26 03:22:00'),(5076,4,4730,'2015-06-18 18:47:45','2015-08-26 03:22:01'),(5077,4,4731,'2015-06-18 00:44:00','2015-08-26 03:22:01'),(5078,6,4732,'2015-06-17 22:49:29','2015-08-26 03:22:01'),(5079,4,4733,'2015-06-17 22:49:24','2015-08-26 03:22:01');
/*!40000 ALTER TABLE `distributor_orders` ENABLE KEYS */;
UNLOCK TABLES;

--
-- Table structure for table `distributors`
--

DROP TABLE IF EXISTS `distributors`;
/*!40101 SET @saved_cs_client     = @@character_set_client */;
/*!40101 SET character_set_client = utf8 */;
CREATE TABLE `distributors` (
  `id` int(11) NOT NULL AUTO_INCREMENT,
  `email` varchar(255) NOT NULL,
  `password_digest` varchar(255) NOT NULL,
  `require_password_reset` tinyint(1) DEFAULT '1',
  `company_name` varchar(255) DEFAULT NULL,
  `first_name` varchar(255) DEFAULT NULL,
  `last_name` varchar(255) DEFAULT NULL,
  `phone` varchar(255) NOT NULL,
  `address1` varchar(255) NOT NULL,
  `address2` varchar(255) DEFAULT NULL,
  `city` varchar(255) NOT NULL,
  `state` varchar(255) NOT NULL,
  `zip` varchar(255) NOT NULL,
  `approved` tinyint(1) NOT NULL DEFAULT '0',
  `price` int(11) NOT NULL DEFAULT '5995',
  `stripe_id` varchar(255) DEFAULT NULL,
  `created_at` datetime DEFAULT NULL,
  `updated_at` datetime DEFAULT NULL,
  `country` varchar(255) DEFAULT NULL,
  PRIMARY KEY (`id`)
) ENGINE=InnoDB AUTO_INCREMENT=85 DEFAULT CHARSET=utf8;
/*!40101 SET character_set_client = @saved_cs_client */;

--
-- Dumping data for table `distributors`
--

LOCK TABLES `distributors` WRITE;
/*!40000 ALTER TABLE `distributors` DISABLE KEYS */;
INSERT INTO `distributors` VALUES (4,'studio262hairsalon@yahoo.com','$2a$10$.4XuJkfK6teAJNsxqwEA5uUbhGFpRg/gL1t1iZYWBJAk.lrDT.2HC',0,'Studio262hairlounge','Ruben','Ramos ','2629948282','1907 Charles st ','','Racine','WI','53402',1,2995,'cus_47kj1MVDYNCq7O','2014-05-28 23:41:01','2014-05-29 16:21:25',NULL),(5,'ronpass13@aol.com','$2a$10$rD.PiZE9nLKx8cSLtbp.cOuz3SbIYo8kdB06./phybyBSE.bAknRO',0,'barber 1','ronnie','passariello','9788095758','226 S. Main Street #B','','Middletoin','MA','02151',1,1595,'cus_47YGcP5lBjOPs3','2014-05-29 02:18:41','2014-06-05 15:12:17',NULL),(6,'attheshop1221@yahoo.com','$2a$10$BBu7piamghnBIjJKveImpeL27eX0MNl2W.h2rebVEYzFKBYcMl79u',1,'At the shop hair styles ','Jose','Esparza','3109701340','14325 Hawthorne blvd ','','Lawndale ','CA','90260',1,2995,'cus_49eQH9ogCA8A4Y','2014-06-02 05:17:32','2014-06-03 16:51:02',NULL),(7,'Pcnjr5252@yahoo.com','$2a$10$hR94ysjPKetO7J7uhrnGEOHhgBjvZMMZftuCovpG.6mc3kokB5OBm',1,'Get- Faded','Patrick','Nelson','4802435458','17754 W Bloomfield Rd','','Surprise','AZ','85388',1,2995,'cus_4A90GKW7Ttp5ED','2014-06-05 00:18:59','2014-06-05 00:26:53',NULL),(8,'gina@xsalonspa.com','$2a$10$fdUsyYEQOcyAw0UumTVyC.juWNwh4F0vh3XMrvC3bBt7JCSD0xhXq',1,'Xtreme Studio Hair And Spa ','Gina ','Martínez ','9513140778','12204 Rives ave ','','Downey ','CA','90242',1,2995,'cus_4AN5fhGUMzUjak','2014-06-05 14:48:37','2014-06-05 14:59:50',NULL),(9,'straightedgenychairstudio@yahoo.com','$2a$10$iHJt0UwNrx83OL4xbbOkge2fgll8H8b5np2hp.mTHaD/L///RPB.u',0,'Straight Edge NYC Hairstudio','Jose','Sanchez','917-567-4482','221 east 2nd street  store','','New York','NY','10009',1,2995,'cus_4AXhSWmK4dHqXQ','2014-06-06 01:02:01','2014-06-12 16:17:59',NULL),(10,'agambardella81@yahoo.com','$2a$10$k86PckLSPMieem5deiPKEe3ATMhkJ29Pove3dlR9O1UKWcofDk/yu',1,'Wright Cutz','Anthony','Gambardella','2034102329','95 meadow st','','Wallingford','CT','06492',1,2995,'cus_4BuRTPtxAY8skm','2014-06-09 17:00:40','2014-06-09 17:31:36',NULL),(11,'electricsuninc@aol.com','$2a$10$HAjFvidELx0yjokb4QdtD.QpWHiaMbtOXMovEb6KTsev6wcyr8GVW',0,'hair care inc','ronnie','passariello','9788095758','226 S. Main Street #B','','Middletoin','MA','01949',1,1995,'cus_4BuT0Q75k47psp','2014-06-09 17:32:52','2014-06-09 17:35:42',NULL),(12,'howardorsini@yahoo.com','$2a$10$.Nm3OnyZQcYPzT3WZAugne9fXXyfOYIjF/qBUwi1aG4MB0CIwi24i',1,'Howard\'s Hair Gallery','Howard ','Orsini','17872598834','Urb Valle Alto 1041','St Picacho','Ponce','NY','00730',1,2995,'cus_4CImzyF8qt7ya4','2014-06-10 02:55:18','2014-06-10 18:40:53',NULL),(13,'kcgordonjr@gmail.com','$2a$10$YgCJRzAGJtN.Y6fiZh6e8upMFy5g/QQIpQYbiG/kAMCRqDQVGPeQe',1,'Lou Kutz & Stylez','Kenneth','Gordon','3147807409','11058 Florence Ave ','','St. Louis','MO','63074',0,5995,NULL,'2014-06-10 18:18:08','2014-06-10 18:18:08',NULL),(14,'adriel.ramgadoo@yahoo.com','$2a$10$rH281XuuR5TMcrWya2KS2uvi0zbhBeQQPa5HDWikfm2iUykmkJUCW',1,'High profile barbershop','Adriel','Ramgadoo','5183578580','958 Vermont ave','','Schenectady','NY','12303',1,2995,'cus_4Ce8DWUpsXt3UG','2014-06-11 15:44:22','2014-06-11 16:45:10',NULL),(15,'jonathan.principe@gmail.com','$2a$10$xF8DG0enyT6ZpzOh17JOYuDJfLw3gMAJYnjVDbO3KTiT48aFwipRS',0,'JP Test Distributor','Jon','Principe','6033200060','5 Zellwood St','','Nashua','NH','03060',1,99,'cus_4D2OODxszDT5xE','2014-06-12 17:48:31','2014-06-12 17:50:05',NULL),(16,'selfmade8411@gmail.com','$2a$10$0JUh7dBE5pjAtSRjTcVt8O.qRPDv.IYM136n6Mrgo.nO8XR7toB/.',1,'Premier Barber Lounge','Antonio','Stewart','2165269149','2187 Noble Rd. ','','Cleveland Heights','OH','44112',1,2995,'cus_4EUMObaAFOdfpf','2014-06-15 23:50:55','2014-06-16 14:46:58',NULL),(17,'typj4real@gmail.com','$2a$10$8Oxx7a4q/r2xnu4BTXUf8OLMXeqeb60xqbU1QBYR079pqCcgQBG5m',0,'sharper edge','Jeremy','McCoy','8327525895','7306 w. tidwell rd #103','','houston','TX','77040',1,2995,'cus_4EiWsnjkjv6iid','2014-06-17 04:52:58','2014-06-17 05:30:03',NULL),(18,'Marcusjbcheredia@hotmail.com','$2a$10$g2uT4PcvtOeWfUJOZZPuIeKvJfu2TiuSJ5AeFTo.OnoneN/DYOCw6',1,'Barbershop','Marcus','Heredia','6093513912','3 bovanko road ','','Creamridge ','NJ','08514',1,2995,'cus_4H7FUyixbp4nsy','2014-06-21 16:40:50','2014-06-23 15:06:01',NULL),(19,'SHESMYBARBER@GMAIL.COM','$2a$10$TZOGc20KbdQ75vpjM6Bip.4RnlWLDtjylc7UpROx7/L66eeO4W1O2',0,'KB MOBILE CUTS','Kerry','Booker','5109326295','875 Cinnabar street','4303','San Jose','CA','95126',1,2995,'cus_4H7EzSQWzd8ECT','2014-06-22 15:43:33','2014-06-24 09:48:24',NULL),(20,'ewright5@yahoo.com','$2a$10$fviU18v.hU5kDOOmsEXH9e2rjLYLFZWz1JCzchJULCB8QzoCsMmMq',0,'Wrights MLB','Eddie','Wright','8603980022','162 Oakland Ave','','New Britain','CT','06053',1,2995,'cus_4H9ORpX9dEyAzU','2014-06-23 15:50:10','2014-06-23 19:14:04',NULL),(21,'capboyent21@gmail.com','$2a$10$S56CiuL.e4xkLR/NyJwmtOfLEGCB17G2TGm0atLESNRAqeq7H.mZC',1,'Official Fades Barbershop','Mario','Cardenas','9167085543','2645 El Camino','','Sacramento','CA','95815',1,2995,'cus_4H9OtvLJRv7E9n','2014-06-23 15:50:44','2014-06-23 17:19:16',NULL),(22,'michblue98@gmail.com','$2a$10$qkdPVoTomJR3/o50FLZEVusdpoCqYOzf8txKqAqwJqYn6XSiv0RHi',0,'Trukutz Barbershop ','Sergio','Tafoya','5599087744','1275 N Ninth St apt #106','','Fresno','CA','93703',1,2995,'cus_4H9PolZ8UbEutB','2014-06-23 16:46:51','2014-06-23 18:32:50',NULL),(23,'classicbarbershop951@gmail.com','$2a$10$JRmcsKnJEA/JvLyNG.rawuQIBv4LfwW2ej04B.uEYOVXxDZ17i1lu',1,'classic barbershop','Robert','Gomez','9099361221','3032 chestnut st','8668 limonite ave ste.A','Riverside','CA','92501',1,2995,'cus_4HFFmDinCm8aCr','2014-06-23 19:54:58','2014-06-23 23:21:58',NULL),(24,'cskinner904@gmail.com','$2a$10$WAZ8tPtO/12jFUl2/RmOcOAv91v8A.oAuRNif677amF911SjIZzKS',0,'Executive Cut','Corey','Skinner','9042527448','8704 Country Creek Blvd.','','Jacksonville','FL','32221',1,2995,'cus_4HFFTDAVeeHjEN','2014-06-23 21:01:46','2014-06-23 23:25:45',NULL),(25,'damidge64@yahoo.com','$2a$10$rTzi4x.JkZ.wO.IyEDIgB.dgAGagqs1iHzshNaehjvnZ1h4uHqemm',0,'Fade shop','william','johnson','5594179890','3777 e Gettysburg ave','','fresno','CA','93726',1,2995,'cus_4HFENu7th25FQF','2014-06-23 22:32:01','2014-06-23 23:58:28',NULL),(26,'cherubinandy@yahoo.com','$2a$10$0tWn7gEFcbrdhItXkU3H2.y7NFe6kiL8y5zysfsaEzB/ywSKyOFOu',0,'cherubin','Andy','Cherubin','7865319046','130 ne 129 street','','north miami','FL','33161',1,2995,'cus_4HFG22OfYiy41J','2014-06-23 22:57:03','2014-06-23 23:24:35',NULL),(27,'glbrydie@aol.com','$2a$10$cb00svBoNt.GinlN/6oAKuEKgPVEZfJjrMTfwd9F42yPDFkX/fWZu',1,'Zuris barber & beauty salon','Gina','Brydie','6098200651','606 north Whitehorse pike','','Stratford','NJ','08084',1,2995,'cus_4HVgbZqON9dbZ3','2014-06-24 00:55:07','2014-06-24 16:20:39',NULL),(28,'dwaynegillard@gmail.com','$2a$10$ww1dBWDTUFYwKNzrBZ5S0evKQ04lPudMS1YZgvxy3oivOKTqNkLhC',1,'City Of Gods','Dwayne','Gillard','4105010148','1118 Hollins Street','','Baltimore','MD','21223',1,2995,'cus_4I4Cvrxoy8efaH','2014-06-26 02:22:28','2014-06-26 04:01:13',NULL),(29,'av1rattlers@yahoo.com','$2a$10$YLqQ09snRrcao5XdcjMS4eZ/FkNZ9Cg5.vsq1UaT0Q9ynXTqChtie',0,'Dmndkutz','Drew','Vargas','6233636202','13161 w Clarendon ave','','Litchfield park ','AZ','85340',1,2995,'cus_4LfuwS8AGVWzsq','2014-07-05 06:06:41','2014-07-06 00:47:34',NULL),(30,'adriennesmagnifiedhands@gmail.com','$2a$10$Z7SDqtT0F5fn.I9ZRVb06eyfkCI/KBf064a93VWhI9Jx4O8b.EJ1.',0,'A Beautiful ME hair by Drie','adrienne','Dew Faulkner','2063104379','2728 s judkins st ','','seattle','WA','98144',1,2995,'cus_4LfvOuouZaJ52Y','2014-07-05 17:47:23','2014-07-05 19:29:42',NULL),(31,'ecadet305@yahoo.com','$2a$10$RJp/zOPfdFtIGzpqeMgDSuRVO3IDe7hLfd6MNarT08wSspp/WzZ22',0,'305hair','Ernest','cadet','5613517229','1014 ardmore road','','west Palm Beach','FL','33401',1,2995,'cus_4M2D9BWRojwVq6','2014-07-06 17:54:44','2014-07-06 18:20:09',NULL),(32,'a.t.@yahoo.com','$2a$10$zEnjKx.UcbRf1GswxDBBjOBR92Vrb9phPUoNIq9WoBtQINAUj.4Rq',1,'Beyond beauty','Courtney','Hill','4104881122','5020 belair rd','','Baltimore','MD','21206',1,2995,'cus_4M4gCkpBIeIAPu','2014-07-06 19:52:25','2014-07-06 20:46:39',NULL),(33,'silkcelancut@yahoo.com','$2a$10$lDTmHbUxzl4twzib6ay9I.3eL0zEZf3fQUG0oe/N8aXC8nmgULbTO',1,'chisel cut','cj','trawick','7089690567','3705 briar lane','','hazel crest','IL','60429',1,2995,'cus_4S12VtoiLQHRnO','2014-07-09 03:26:26','2014-07-22 17:24:36',NULL),(34,'theelitebarbershop1@gmail.com','$2a$10$UTeyv74D8zCFuTnLd4gfGumbyyFjGstH24r9O.zRGnEUv05ci3062',0,'The Elite Barber Shop','Omar','Salla','9546627490','2226 N. Flamingo Rd. ','','Pembroke Pines ','FL','33028',1,2995,'cus_4QAkU6fUeHK0I2','2014-07-17 18:46:40','2014-07-17 22:29:06',NULL),(35,'domonique.hub1@gmail.com','$2a$10$wnCNsPIpfp65F9mdEvJ7o.7xwfN2QTkOHfLbyyROLtifumU3zkjVG',1,'In A Cleveland MINute','Domonique','Hubbard','216-583-6908','19019 Firwood rd.','','Cleveland','OH','44110',1,2995,'cus_4S14ajRpLaZy8C','2014-07-20 14:27:37','2014-07-22 17:26:41',NULL),(36,'lesa.mccomber@gmail.com','$2a$10$azFROVR36dkSdOG/5WgLme2M3QENNrkt64qnF/En.UJAYC0ZC4sa2',1,'Barbier Barber Products LLC','Lesa','McComber','253-255-8230','414 Bloomfield Lane','','Upper Marlbor ','MD','20774',1,2995,'cus_4S174QsFKLLnyW','2014-07-22 15:05:10','2014-07-22 17:29:21',NULL),(37,'soleilfonseca@gmail.com','$2a$10$tAd4wYUO7WEb9osMIWAiFuMZpLp7KNCqzwTUoZbLwOAvQ7Zdtwx1.',0,'soleil','alyssa','Fonseca','9565180622','1110 coral ave','','WESLACO','TX','78599',1,2995,'cus_4Uc0cv1WRD6gsY','2014-07-26 00:13:42','2014-08-02 23:42:39',NULL),(38,'westparkbarbershop@yahoo.com','$2a$10$siUEG2.pSp589rvnbT7it.O111cPTMSx9sD1ONjQoFC/aP9qRabn2',1,'westpark barbershop','Patrick','Burke','2262526666','17008 Lorain Ave','','cleveland','OH','44111',1,2995,'cus_5Kg0aidSwI0lHt','2014-07-30 13:10:23','2014-12-15 15:20:41',NULL),(39,'damiansmth75@gmail.com','$2a$10$7wq.ueQL7ewR1mPztiAIKeiRJCE9TNPAGdllrQfzW8ifCfB7zsF9C',0,'Secrets on Sale','Damian','Smith','61418930390','31B SOLWAY LOOP','','CABLE BEACH','CA','6726',1,2995,'cus_4hlbo5BgzLOkpv','2014-08-03 00:03:27','2014-09-02 22:50:04',NULL),(40,'kendallpure@gmail.com','$2a$10$XIpCDScEcoNzUZYP84kJV.5QRBiiGgBk2YSWJnJRsZSvhtCFSJHQ6',1,'K.Bailey Beauty Supply','Dante','Pennigraft','3362108515','502 Callan Drive','','Greensboro','NC','27405',1,2995,'cus_4XmAU24FeLY6jy','2014-08-07 01:22:40','2014-08-07 02:26:26',NULL),(41,'dwamiller@gmail.com','$2a$10$ZnIlUyi/nm.FRDHqwxI9s.DE2AOqLojjmLNf.T5cH2SmB8/6FHn2i',1,'afarari','dwayne ','miller','9788095758','22-24 Corsham St','','London','MA','02151',1,2995,'cus_4f82Ydyy5xbfgI','2014-08-11 15:03:21','2014-08-26 17:31:12',NULL),(42,'julio@tritoncorp.com','$2a$10$88M7DP/MXXaGsc6e8wHREuix3hnB7/K/qEgJalquvBLJIKlVU081G',0,'TritonCorp','Julio ','Morales ','3059238595','4135 Laguna Street','','Coral Gables','FL','33146',1,2995,'cus_4myzMusJqoCOlc','2014-08-13 20:01:26','2014-09-16 16:55:20',NULL),(43,'curlinggirl@aol.com','$2a$10$WLI5ZDhz2SbajYwKyb.FZu0e8UWTlPHSHtZ1LyEQDwnxWoAzACv52',1,'Prime cut hairdesign','Marlene','Cohen','6313579998','95 feustal st','','Lindenhurst','NY','11757',1,2995,'cus_4cAjkOiftqD6dz','2014-08-18 20:04:40','2014-08-18 20:05:46',NULL),(44,'fraziersllc@att.net','$2a$10$gHTYJbvpa8TPQXa429VaB.KxHFz434x8bA.IkxLD77wCmgE57WZPa',0,'Frazier\'s Barbershop','Antonio','Frazier','5028211281','1947 lower hunter trc','','Louisville','KY','40216',1,2995,'cus_4myzsk3K4ET5Mm','2014-08-22 14:42:09','2014-09-17 00:29:55',NULL),(45,'martinezhills@yahoo.com','$2a$10$SPqvh1JdI9kiFtJeibGK..Y6AOdErZVNiWhPIV9YnkWA4wpqom7M2',1,'beautylovez',' belkis erika ','martinez','6789274859','rockbridge rd','','avondale est','GA','30002',1,2995,'cus_4f80IxBa95OmvK','2014-08-25 05:15:19','2014-08-26 17:29:16',NULL),(46,'jdmlover7@yahoo.com','$2a$10$p12dTF4aJbGtqIUelWbmKuZ2poZ0zg.e9B2L5.RmTgPRUTTWOzRH6',1,'jimmycutzbarbershop','jimmy','alba','9515052938','24318 hemlock ave','','moreno valley','CA','92557',1,2995,'cus_4hlep6jlWSZPP7','2014-08-29 06:53:00','2014-09-02 18:35:07',NULL),(47,'yacub83@gmail.com','$2a$10$RlCq/olUUg2MhXG54P6TAeziifRrrVbGaZuOuiXUp.PNHDsM6gl4a',0,'hairmaster barbershop','Daron','Drisdom','3107204978','13613 lemoli ave apt 207','','Hawthorne','CA','90250',1,2995,'cus_4hli1zRhuGcTgi','2014-08-29 07:00:33','2014-09-12 02:48:38',NULL),(48,'gohardmedia@gmail.com','$2a$10$BrqA2Co0oXnor5nrvKNCae9FfvBj9fTFM/Y9qAHBraIjQKeePhHyK',0,'Sharper Edges Barbershop','OD','HENRY','8566556319','1047 Haddon ave','','CAMDEN','NJ','08103',1,2995,'cus_4hlZdaeCvy5lci','2014-09-01 18:40:36','2014-09-07 18:06:28',NULL),(49,'jeankhanjian@hotmail.com','$2a$10$N/caDWV9c6y4TKjk4ROR.e2rb4kswqW8Rqz3GvnZNglcJpn4o5jza',1,'Saba Pharmacy','John','Khanjian','+9613457645','Naccache main street','Lebanon','Naccache','CA','00000',1,2995,'cus_4myxQsf8L6V15R','2014-09-04 03:40:54','2014-09-16 16:39:22',NULL),(50,'manzo_octavio@hotmail.com','$2a$10$BtLAk5ihxSQpT3lf4N7rWenPxAlGxGJ9mPr3ek1eWIPVwHBPucru6',1,'Octavio\'s Custom Cuts','Octavio','Manzo','3602025844','2222 Riverside Dr ste 800','','Mount Vernon','WA','98273',1,2995,'cus_4myuliDKaWpHkh','2014-09-11 22:10:36','2014-09-16 16:37:16',NULL),(51,'aaron.snipes@palmbeachschools.org','$2a$10$oYxYDs74FPxCKkgCha8QmOM63vEJmv7qmZjs4H4E8VVRig.B65Wi6',0,'Ace Cutz','Aaron','Snipes','561-927-7519','7888 Sonoma Springs Cir. #205','','Lake Worth','FL','33463',1,2995,'cus_4myupaAUZpMweT','2014-09-15 23:22:06','2014-09-16 16:38:09',NULL),(52,'marcotdj28@gmail.com','$2a$10$17bJP5.OeibnyzGeeNUxruF1jPEge1SBTU9D2pi4xLczYvkEyie8q',0,'justins barbershop','Marco','ortiz','2034919112','324 corbin court','','lakewood','NJ','08701',1,2995,'cus_4njSLpMD6MeNYG','2014-09-18 04:52:08','2014-09-19 17:52:03',NULL),(53,'topshelfbarberlounge@gmail.com','$2a$10$guBu0XhUWlZ6H7SzJOmpke0.p/S6BCalmUyPOVO1WopNQQym.DHWq',0,'Top Shelf Barber Lounge','Kevin','Bowens','6156938345','13245 Nw 7ave','','miami','FL','33168',1,2995,'cus_4rt3coTY6PdkRY','2014-09-18 18:48:31','2014-10-01 18:38:42',NULL),(54,'streetfame201@gmail.com','$2a$10$K.ND8T0dfcQn5YGoi7M4x.d692H6md4ZbOxztOoV50v7Cd4zjsblW',0,'Street Fame Barbershop','Johnny','Berrios','2012174200','537 Newark ave ','','Jersey city ','NJ','07306',1,2995,'cus_4q09UYoNPWGhEn','2014-09-24 16:30:03','2014-09-24 18:09:26',NULL),(55,'info@hqmenshaircuts.com','$2a$10$KRsSeTNxcjdU2NU/emxoie93.Px3fzxv3I8UQl76vi9WH/oFMMKrG',0,'Head Quarter, Inc','Tony','Willoughby','239-209-0777','18209 Poplar Rd','','Fort Myers','FL','33967',1,2995,'cus_4rt4mJYq7VIC2y','2014-09-27 20:44:58','2014-09-30 20:29:29',NULL),(56,'rja357@gmail.com','$2a$10$0dZZHHmmjrw29yNieHtTfeL5f2Q4NAX6Y3PoTSL3lpIHQ2d2u9olm',1,'square biz','Robin','Anderson','8327312669','2901 stallings','','houston','TX','77088',1,2995,'cus_4rt5tf1NjNgGtb','2014-09-29 00:46:44','2014-09-29 18:55:45',NULL),(57,'markaj.22@gmail.com','$2a$10$i8r.Ju0jF8bEEFzsIlUBGeHOHBGYxVdSCJRXpyw0DfUzJvklcthia',0,'Respect for life barbershop','mark','Johnson','6623970336','906 Lawndale Dr ','','tupelo','MS','38801',1,2995,'cus_4utM5KKxgMEtVf','2014-10-02 20:03:23','2014-10-08 01:38:56',NULL),(58,'emmanuelodancy@yahoo.com','$2a$10$XWgus8JXgUTzG3CLM7pp5OHVCEYVXa75gQzM3BsuJ1jVoYv3HOtou',1,'Emanson nigeria limited','Emmanuel ','Odancy','+2348063155938','No 5 Owodunni street, Ikeja, Lagos.','No 5 Owodunni street, Ikeja, Lagos.','Lagos','NY','100001',1,2995,'cus_4utQSlH3PNN5u2','2014-10-04 22:58:45','2014-10-07 19:28:42',NULL),(59,'kingdomadvantagesuitsonline@outlook.com','$2a$10$2Pi5f5zhIZpueb7QevZBT.rO4o2h6F6Uid.Q.VpuLQ1BF1ojt4.Ri',1,'Kingdom Advantage Suits Online','David','Parker ','8889614690','1318 Arthur Avenue','','Joliet','IL','60432',0,5995,NULL,'2014-10-09 17:08:52','2014-10-09 17:08:52',NULL),(60,'dbosworth11@gmail.com','$2a$10$XXX8IzX4uRA6fKewGWi.aO2tQiWfps.oxKqwERnO0HDwXHsg9/rwW',0,'Canuck\'s Barbershop','Drew','Bosworth','6479995145','45 Lancewood Cres','','Brampton','NY','-1',1,2995,'cus_504tAWFnyFmkN3','2014-10-14 14:33:52','2014-10-21 15:46:10',NULL),(61,'dat_da_barber@aol.com','$2a$10$JR1UGit9RSytXYZrHpZU5etSUgM8WtdlHXuJnPytvtlPJvT.WC2y2',1,'DAT Consulting Services LLC','Damon','Thorne','7707717538','894 Traymore Drive','','Norcross','GA','30093',1,2995,'cus_5055LqEvRf2lfb','2014-10-21 13:44:22','2014-10-21 15:51:29',NULL),(62,'mrtaper@barbersonlymagazine.com','$2a$10$qjIIyIcv38JK1RG.uErRbuJWc2/Ud/abzRlsuklEk37Iz6e.tpjSS',1,'Barbers Only Magazine','Craig','Logan','4045072887','35 Atlanta St., su. 5A','','MCDONOUGH','GA','30253',1,2995,'cus_5057KFfxRC1kqQ','2014-10-21 14:21:31','2014-10-21 15:53:22',NULL),(63,'martinelangsam@gmail.com','$2a$10$IuuCsr6jD8vOzRWjYZ799uZPaaFwoura5U7VPH66hOe0d9ywE4tQS',0,'Martine Langsam, IAT Trichology Clinic','Martine','Langsam','4154539792','880 Las Gallinas Ave.','Suite 4','San Rafael','CA','94903',1,2995,'cus_52Qxp5OlLrFqO6','2014-10-27 22:00:00','2014-10-28 00:12:15',NULL),(64,'drios921@gmail.com','$2a$10$4t5915u3oeQYZDb6of6GJu4aORv62ttWgd6itKiXLX9txzxmfxtb6',0,'david\'s barbershop','david','rios','2012538353','2160 kennedy blvd','','jersey city','NJ','07305',1,2495,'cus_52nZWtY5cUaW9M','2014-10-28 18:11:33','2014-10-29 00:25:33',NULL),(66,'ronpass13@gmail.com','$2a$10$m9VRmTKAWHw.K0ihTN9GZ.uNUH4isApdKz5gy2bs.Nmdo8a/Ow9/O',0,'valentino hair','ronnie','passariello','9788095758','226 S. Main Street #B','','Middleton','MA','01949',1,5995,'cus_55kfd2Z4A0NIHF','2014-11-05 18:47:54','2014-11-05 19:13:42',NULL),(67,'lharris@getsassybeautysupply.com','$2a$10$EHz.flvM4ESAfMiOckMJCOCSUhaMGuhQzQ6YIAg.UFNVRj/Hx2m2.',1,'Get Sassy Beauty Supply ','Lamar','Harris','480-917-0014','1368 N Arizona Ave','Ste 102','Chandler','AZ','85225',1,2995,'cus_5AZths2ffTuznB','2014-11-16 02:37:55','2014-11-18 16:22:03',NULL),(68,'hairsaycha@gmail.com','$2a$10$LfF5bQ.n3af8gklDBXYdhO9vjwqioLkys35Eu4cXVc.tl3Gs21fYK',1,'hair by Chantee','Chantee','Stover','6313123443','224 19 145 Avenue','','Springfield Gardens','NY','11413',1,2995,'cus_5AZuKH5pMxuszu','2014-11-16 23:06:46','2014-11-18 16:22:29',NULL),(69,'luxurycutz4u@gmail.com','$2a$10$nSJ/FUMrUAE9vGS3Whkz/ep7HBPJ42f1Y4q0ysgxVe.GIu/VDmvsa',0,'Luxury Barber','Howard','Hancock','2026005025','12610 Kingsfield Ln.','','Bowie','MD','20715',1,2200,'cus_5GCOezfGEFNKIK','2014-12-02 23:40:51','2014-12-03 20:40:44',NULL),(70,'allancabeleireiro.recanto@gmail.com','$2a$10$Lc0FksPa6mju/xJpUeB62.uOzV/ot1ajhaACuBrS.NsU1tebbQjiy',0,'Allan Cabeleireiro','Anderson','Calixto','+5511992006289','2220 Meridian Blvd ','Suite # R4073 ','Minden','NV','89423',1,2295,'cus_5GcQBrlYLTEu5h','2014-12-04 16:44:43','2014-12-04 21:09:31',NULL),(71,'anthony.m.nealy@gmail.com','$2a$10$wlbLtAazjQ7I7BsO/ZbQa.qyvwbPS3aTeYz/6V81SDSc16kW4SRFS',0,'Touch Of Hair','Anthony','Nealy','3136291004','6882 N. Merriman 124-S','','Westland','MI','48185',1,2995,'cus_5JxyANAJKLZ5xp','2014-12-13 17:15:17','2014-12-13 17:55:18',NULL),(72,'ben@optimumcreative.com','$2a$10$HSg6zDw3nNadiO5SZrs8m.aaAcu1I/BRS2/3Ukd5R9i13xinN1pQS',0,'Mojo Distribution','Raja','Nawaz','3362925700','848 N Rainbow Blvd ',' Ste 165 ','Las Vegas','NV','89107',1,2995,'cus_5PwgyAv0EZ17Ja','2014-12-25 21:23:47','2015-01-03 01:48:32',NULL),(73,'mrmlewis30@yahoo.com','$2a$10$F/kyr7wKqBCxn0n3aEY.RelnYybKEYkysdJkFhQ6Ly.ZhgJ/7w7Yi',0,'Lewis','Matthew','Lewis','2292055834','P.O. Box 732','','Montgomery','AL','36117',1,2995,'cus_5PwhMWvDmEYXOB','2014-12-27 03:38:45','2015-01-04 22:17:36',NULL),(74,'mrolon8530@gmail.com','$2a$10$jjXFXZKKUa6BBFq5ETo12eSu.gMcVFM/Xsr5SrZ7XVlNEsGo2NCnS',0,'Scissor hands ','Manny ','Rolon','9084729745','353 George St','','New Brunswick ','NJ','08933',1,2995,'cus_5YAHg8Is5vXBDX','2015-01-19 02:08:43','2015-01-21 17:38:35',NULL),(75,'marcusshort@sbcuniversity.net','$2a$10$zcQ8d6Xwsf1CUdUbDhuiT.rLdXms9uL9A8mHJWM7tzYEx7OzBPNhG',0,'Billionaire\'s Barbershop','Marcus','Short','919-612-2388','2110 New Bern Ave.','','Raleigh','NC','27610',1,2995,'cus_5fjmAgvISGq1Ca','2015-02-04 19:43:15','2015-02-10 04:04:54',NULL),(76,'billionjones87@gmail.com','$2a$10$GKs8VrSDhxNCFfR6aI64Fu.RIHosGirVF88tWRVwKdiHTfwH.RFii',1,'Bjays','Barry','Jones','9015962083','6173 village park rd','','Memphis','TN',' 38141',1,2995,'cus_5fjnETdYQn5HC2','2015-02-07 13:33:38','2015-02-09 20:39:40',NULL),(77,'avalonbeautysalon62@gmail.com','$2a$10$Au4cIzdFbjb5EdaqnTipNuZ/URrgbarmc3zGr13Vk5YdfkqO5M9uu',1,'Avalon beauty salon/supplies','william','Goode','5623074067','11405 Firestone Blvd','','Norwalk','CA','90650',1,2995,'cus_5iKqyVGqsO9995','2015-02-16 08:44:26','2015-02-16 19:04:43',NULL),(80,'kumar234557@gmail.com','$2a$10$1QKy9147kjmoRxnnrLpahu8teX1HHclwGmFTkdb.kx2PKrs9wgEjG',0,'sssss','asdasd','ad','as','as','s','s','KY','s',1,5995,'cus_6PKVWkwqT6O4JK','2015-03-12 10:45:23','2015-06-11 13:35:41',NULL),(81,'freelancer8429@gmail.com','$2a$10$YANnt2Yol92OMtP0q71EjeiTVNR.p7VyEq3FkH2r8Wrdw7tkmiRKO',0,'kljsdklajsd','jklajsdlj','ljasldj','7532766757','234234','234','234','001','2121',1,5995,NULL,'2015-08-04 17:24:48','2015-08-04 17:28:07','SI'),(82,'freelancer84293@gmail.com','$2a$10$GiaILyFvDsitCpdAoU1.NedWI3LRipDsuwz7Q1xsAQI2IE.rT0jd6',1,'kljsdklajsd','jklajsdlj','ljasldj','7532766757','234234','234','234','001','2121',0,5995,NULL,'2015-08-04 17:25:45','2015-08-04 17:25:45','SI'),(83,'freelancer84292@gmail.com','$2a$10$dda9HZpowjIb7GDnOHL1Qegc.XFWGBzjjDx3ZsCJD8lcCZ2inwNEy',1,'krishna','krishna','krishna','324242','3423','4234','23423','KA','wqqweqwe',0,5995,NULL,'2015-08-05 06:56:15','2015-08-05 06:58:12','IN'),(84,'asdas@as.com','$2a$10$mw6FJIcXdlqkm9q1F7XkR.E7luGlnQ0lDFkxl5ABr07ZnwSHJlkGW',1,'ccccccccccc','s','ss','234234','3','2','sdfs','AL','wq',0,5995,NULL,'2015-08-05 16:43:46','2015-08-05 16:43:46','US');
/*!40000 ALTER TABLE `distributors` ENABLE KEYS */;
UNLOCK TABLES;

--
-- Table structure for table `domain_distributors`
--

DROP TABLE IF EXISTS `domain_distributors`;
/*!40101 SET @saved_cs_client     = @@character_set_client */;
/*!40101 SET character_set_client = utf8 */;
CREATE TABLE `domain_distributors` (
  `id` int(11) NOT NULL AUTO_INCREMENT,
  `name` varchar(255) DEFAULT NULL,
  `company_name` varchar(255) DEFAULT NULL,
  `email` varchar(255) DEFAULT NULL,
  `percentage` float DEFAULT NULL,
  `phone` varchar(255) DEFAULT NULL,
  `address` text,
  `state` varchar(255) DEFAULT NULL,
  `country` varchar(255) DEFAULT NULL,
  `zip` varchar(255) DEFAULT NULL,
  `created_at` datetime DEFAULT NULL,
  `updated_at` datetime DEFAULT NULL,
  `domain` varchar(255) DEFAULT NULL,
  PRIMARY KEY (`id`)
) ENGINE=InnoDB AUTO_INCREMENT=9 DEFAULT CHARSET=latin1;
/*!40101 SET character_set_client = @saved_cs_client */;

--
-- Dumping data for table `domain_distributors`
--

LOCK TABLES `domain_distributors` WRITE;
/*!40000 ALTER TABLE `domain_distributors` DISABLE KEYS */;
INSERT INTO `domain_distributors` VALUES (1,'chris richardson','hairisthere','cmrsr1@yahoo.com',50,'12345','test','test','test','test','2015-02-14 09:44:00','2015-02-16 19:03:18','hairisthere.com'),(2,'Ron','hairillusion','ronpass13@gmail.com',0,'0','test','test','test','2312','2015-02-14 09:44:42','2015-02-14 09:44:42','hairillusion.com'),(3,'Ron','hairillusion','ronpass13@gmail.com',0,'000','test','test','test','2313','2015-02-14 09:45:19','2015-02-14 09:45:19','buyhairillusion.com'),(4,'Ron','hairillusion','ronpass13@gmail.com',0,'8787','test','test','test','test','2015-02-14 09:45:57','2015-02-14 09:45:57','hairillusion.net'),(5,'Ron','hairillusion','ronpass13@gmail.com',0,'8787','test','test','test','test','2015-02-14 09:46:35','2015-02-14 09:46:35','gethairillusion.com'),(6,'hairillusion4you','hairillusion4you','ronpass13@gmail.com',30,'test','test','test','test','21','2015-02-18 13:59:14','2015-08-24 14:10:08','hairillusion4you.com'),(7,'sad','weq','sd@s.com',324234,'eqw','adasd','asd','asd','234','2015-06-02 10:37:39','2015-06-02 10:37:39','tryhairillusion.com'),(8,'qw','32','kumar234557@gmail.com',32,'3','232','23','32','32','2015-08-26 03:17:27','2015-08-26 03:17:27','hairillusionllc.com');
/*!40000 ALTER TABLE `domain_distributors` ENABLE KEYS */;
UNLOCK TABLES;

--
-- Table structure for table `forums`
--

DROP TABLE IF EXISTS `forums`;
/*!40101 SET @saved_cs_client     = @@character_set_client */;
/*!40101 SET character_set_client = utf8 */;
CREATE TABLE `forums` (
  `id` int(11) NOT NULL AUTO_INCREMENT,
  `subject` varchar(255) DEFAULT NULL,
  `content` text,
  `approved` tinyint(1) DEFAULT NULL,
  `created_at` datetime DEFAULT NULL,
  `updated_at` datetime DEFAULT NULL,
  `country` varchar(255) DEFAULT NULL,
  `state` varchar(255) DEFAULT NULL,
  `name` varchar(255) DEFAULT NULL,
  `address` text,
  `domain_name` varchar(255) DEFAULT NULL,
  PRIMARY KEY (`id`)
) ENGINE=InnoDB AUTO_INCREMENT=15 DEFAULT CHARSET=latin1;
/*!40101 SET character_set_client = @saved_cs_client */;

--
-- Dumping data for table `forums`
--

LOCK TABLES `forums` WRITE;
/*!40000 ALTER TABLE `forums` DISABLE KEYS */;
INSERT INTO `forums` VALUES (13,NULL,'<p>qwe qwe</p>\r\n',1,'2015-06-04 12:45:22','2015-06-04 12:45:39','US','AL','qwe ','qwe ','hairillusion.net'),(14,NULL,'<p>qwe qwe&nbsp;</p>\r\n',0,'2015-06-04 13:19:30','2015-06-04 13:19:30','US','AL','ww qe q','eq w','hairillusion.com');
/*!40000 ALTER TABLE `forums` ENABLE KEYS */;
UNLOCK TABLES;

--
-- Table structure for table `order_items`
--

DROP TABLE IF EXISTS `order_items`;
/*!40101 SET @saved_cs_client     = @@character_set_client */;
/*!40101 SET character_set_client = utf8 */;
CREATE TABLE `order_items` (
  `id` int(11) NOT NULL AUTO_INCREMENT,
  `order_id` int(11) NOT NULL,
  `product_id` int(11) NOT NULL,
  `quantity` int(11) NOT NULL DEFAULT '1',
  `price` int(11) NOT NULL,
  `created_at` datetime DEFAULT NULL,
  `updated_at` datetime DEFAULT NULL,
  `tax` float DEFAULT NULL,
  PRIMARY KEY (`id`),
  KEY `index_order_items_on_order_id` (`order_id`),
  KEY `index_order_items_on_product_id` (`product_id`)
) ENGINE=InnoDB AUTO_INCREMENT=5027 DEFAULT CHARSET=latin1;
/*!40101 SET character_set_client = @saved_cs_client */;

--
-- Dumping data for table `order_items`
--

LOCK TABLES `order_items` WRITE;
/*!40000 ALTER TABLE `order_items` DISABLE KEYS */;
INSERT INTO `order_items` VALUES (5017,4773,2,2,21,'2015-12-01 11:45:09','2015-12-01 11:45:09',6.95),(5018,4773,7,2,21,'2015-12-01 11:45:09','2015-12-01 11:45:09',6.95),(5019,4774,2,2,2125,'2015-12-01 11:46:42','2015-12-01 11:46:42',6.95),(5020,4774,7,2,2125,'2015-12-01 11:46:42','2015-12-01 11:46:42',6.95),(5021,4775,2,2,2125,'2015-12-01 11:50:14','2015-12-01 11:50:14',695),(5022,4775,7,2,2125,'2015-12-01 11:50:14','2015-12-01 11:50:14',695),(5023,4776,2,2,2125,'2015-12-01 11:58:16','2015-12-01 11:58:16',695),(5024,4776,7,2,2125,'2015-12-01 11:58:16','2015-12-01 11:58:16',695),(5025,4777,3,3,2125,'2015-12-01 11:59:11','2015-12-01 11:59:11',695),(5026,4777,7,1,2125,'2015-12-01 11:59:11','2015-12-01 11:59:11',695);
/*!40000 ALTER TABLE `order_items` ENABLE KEYS */;
UNLOCK TABLES;

--
-- Table structure for table `orders`
--

DROP TABLE IF EXISTS `orders`;
/*!40101 SET @saved_cs_client     = @@character_set_client */;
/*!40101 SET character_set_client = utf8 */;
CREATE TABLE `orders` (
  `id` int(11) NOT NULL AUTO_INCREMENT,
  `orderer_id` int(11) NOT NULL,
  `orderer_type` varchar(255) NOT NULL,
  `destription` varchar(255) DEFAULT NULL,
  `stripe_id` varchar(255) DEFAULT NULL,
  `refunded_at` datetime DEFAULT NULL,
  `created_at` datetime DEFAULT NULL,
  `updated_at` datetime DEFAULT NULL,
  `host` varchar(255) DEFAULT NULL,
  `shipment_id` int(11) DEFAULT NULL,
  `shopify_order_id` int(11) DEFAULT NULL,
  `recurrent_order_id` int(11) DEFAULT NULL,
  PRIMARY KEY (`id`),
  UNIQUE KEY `index_orders_on_stripe_id` (`stripe_id`),
  KEY `index_orders_on_orderer_id_and_orderer_type` (`orderer_id`,`orderer_type`),
  KEY `index_orders_on_shipment_id` (`shipment_id`)
) ENGINE=InnoDB AUTO_INCREMENT=4779 DEFAULT CHARSET=utf8;
/*!40101 SET character_set_client = @saved_cs_client */;

--
-- Dumping data for table `orders`
--

LOCK TABLES `orders` WRITE;
/*!40000 ALTER TABLE `orders` DISABLE KEYS */;
INSERT INTO `orders` VALUES (4774,1889,'Customer',NULL,'ch_17DCaU4DYgjY6g9IU8Pvc67z','2015-12-01 11:47:03','2015-12-01 11:46:34','2015-12-01 11:47:03','localhost',NULL,NULL,NULL),(4775,1889,'Customer',NULL,'ch_17DCdu4DYgjY6g9If1FHfsQT',NULL,'2015-12-01 11:50:05','2015-12-01 11:50:08','localhost',NULL,NULL,NULL),(4776,1889,'Customer',NULL,'ch_17DClf4DYgjY6g9IhL20ep7g',NULL,'2015-12-01 11:58:06','2015-12-01 11:58:10','localhost',NULL,NULL,NULL),(4777,1889,'Customer',NULL,'ch_17DCmY4DYgjY6g9ILwq9Jk8k',NULL,'2015-12-01 11:59:02','2015-12-01 11:59:05','localhost',NULL,NULL,NULL),(4778,1889,'Customer',NULL,NULL,NULL,'2015-12-01 12:39:29','2015-12-01 12:39:29','localhost',NULL,NULL,NULL);
/*!40000 ALTER TABLE `orders` ENABLE KEYS */;
UNLOCK TABLES;

--
-- Table structure for table `product_prices`
--

DROP TABLE IF EXISTS `product_prices`;
/*!40101 SET @saved_cs_client     = @@character_set_client */;
/*!40101 SET character_set_client = utf8 */;
CREATE TABLE `product_prices` (
  `id` int(11) NOT NULL AUTO_INCREMENT,
  `price` float DEFAULT NULL,
  `created_at` datetime DEFAULT NULL,
  `updated_at` datetime DEFAULT NULL,
  PRIMARY KEY (`id`)
) ENGINE=InnoDB AUTO_INCREMENT=2 DEFAULT CHARSET=latin1;
/*!40101 SET character_set_client = @saved_cs_client */;

--
-- Dumping data for table `product_prices`
--

LOCK TABLES `product_prices` WRITE;
/*!40000 ALTER TABLE `product_prices` DISABLE KEYS */;
INSERT INTO `product_prices` VALUES (1,21.25,'2015-11-27 10:12:05','2015-11-27 10:13:24');
/*!40000 ALTER TABLE `product_prices` ENABLE KEYS */;
UNLOCK TABLES;

--
-- Table structure for table `products`
--

DROP TABLE IF EXISTS `products`;
/*!40101 SET @saved_cs_client     = @@character_set_client */;
/*!40101 SET character_set_client = utf8 */;
CREATE TABLE `products` (
  `id` int(11) NOT NULL AUTO_INCREMENT,
  `product_code` varchar(255) NOT NULL,
  `price` int(11) NOT NULL,
  `description` varchar(255) NOT NULL,
  `created_at` datetime DEFAULT NULL,
  `updated_at` datetime DEFAULT NULL,
  `weight` float DEFAULT NULL,
  PRIMARY KEY (`id`)
) ENGINE=InnoDB AUTO_INCREMENT=10 DEFAULT CHARSET=latin1;
/*!40101 SET character_set_client = @saved_cs_client */;

--
-- Dumping data for table `products`
--

LOCK TABLES `products` WRITE;
/*!40000 ALTER TABLE `products` DISABLE KEYS */;
INSERT INTO `products` VALUES (1,'2092',3995,'Jet Black','2014-05-16 14:24:44','2014-11-25 12:09:34',3.3),(2,'2093',3995,'Black','2014-05-16 14:24:45','2014-11-25 12:09:36',3.3),(3,'2094',3995,'Dark Brown','2014-05-16 14:24:45','2014-11-25 12:09:36',3.3),(4,'2095',3995,'Brown','2014-05-16 14:24:46','2014-11-25 12:09:37',3.3),(5,'2096',3995,'Light Brown','2014-11-12 06:16:49','2014-11-25 12:09:37',3.3),(6,'2097',3995,'Auburn','2014-11-12 06:16:50','2014-11-25 12:09:38',3.3),(7,'2098',3995,'Blonde','2014-11-12 06:16:50','2014-11-25 12:09:39',3.3),(8,'2099',3995,'Light Blonde','2014-11-12 06:16:50','2014-11-25 12:09:39',3.3),(9,'3000',1995,'Hair Illusion Fiber Hold Spray','2015-06-27 14:07:19','2015-06-27 14:07:19',10);
/*!40000 ALTER TABLE `products` ENABLE KEYS */;
UNLOCK TABLES;

--
-- Table structure for table `reccurent_orders`
--

DROP TABLE IF EXISTS `reccurent_orders`;
/*!40101 SET @saved_cs_client     = @@character_set_client */;
/*!40101 SET character_set_client = utf8 */;
CREATE TABLE `reccurent_orders` (
  `id` int(11) NOT NULL AUTO_INCREMENT,
  `customer_id` int(11) DEFAULT NULL,
  `order_id` int(11) DEFAULT NULL,
  `start_date` datetime DEFAULT NULL,
  `next_date` datetime DEFAULT NULL,
  `created_at` datetime DEFAULT NULL,
  `updated_at` datetime DEFAULT NULL,
  PRIMARY KEY (`id`)
) ENGINE=InnoDB DEFAULT CHARSET=latin1;
/*!40101 SET character_set_client = @saved_cs_client */;

--
-- Dumping data for table `reccurent_orders`
--

LOCK TABLES `reccurent_orders` WRITE;
/*!40000 ALTER TABLE `reccurent_orders` DISABLE KEYS */;
/*!40000 ALTER TABLE `reccurent_orders` ENABLE KEYS */;
UNLOCK TABLES;

--
-- Table structure for table `schema_migrations`
--

DROP TABLE IF EXISTS `schema_migrations`;
/*!40101 SET @saved_cs_client     = @@character_set_client */;
/*!40101 SET character_set_client = utf8 */;
CREATE TABLE `schema_migrations` (
  `version` varchar(255) NOT NULL,
  UNIQUE KEY `unique_schema_migrations` (`version`)
) ENGINE=InnoDB DEFAULT CHARSET=latin1;
/*!40101 SET character_set_client = @saved_cs_client */;

--
-- Dumping data for table `schema_migrations`
--

LOCK TABLES `schema_migrations` WRITE;
/*!40000 ALTER TABLE `schema_migrations` DISABLE KEYS */;
INSERT INTO `schema_migrations` VALUES (''),('20140314202721'),('20140315202701'),('20140320000908'),('20140401030512'),('20140403022514'),('20140416015732'),('20140418025411'),('20140514014900'),('20140516183533'),('20140516183806'),('20141104124046'),('20141224121623'),('20141224132732'),('20141224133022'),('20150210021536'),('20150213172431'),('20150213173719'),('20150214060920'),('20150214080613'),('20150520112241'),('20150520165248'),('20150520165857'),('20150603144647'),('20150804170420'),('20151010133930'),('20151010134300'),('20151127095926'),('20151130114210');
/*!40000 ALTER TABLE `schema_migrations` ENABLE KEYS */;
UNLOCK TABLES;

--
-- Table structure for table `shipments`
--

DROP TABLE IF EXISTS `shipments`;
/*!40101 SET @saved_cs_client     = @@character_set_client */;
/*!40101 SET character_set_client = utf8 */;
CREATE TABLE `shipments` (
  `id` int(11) NOT NULL AUTO_INCREMENT,
  `created_at` datetime DEFAULT NULL,
  `updated_at` datetime DEFAULT NULL,
  PRIMARY KEY (`id`)
) ENGINE=InnoDB AUTO_INCREMENT=163 DEFAULT CHARSET=latin1;
/*!40101 SET character_set_client = @saved_cs_client */;

--
-- Dumping data for table `shipments`
--

LOCK TABLES `shipments` WRITE;
/*!40000 ALTER TABLE `shipments` DISABLE KEYS */;
INSERT INTO `shipments` VALUES (162,'2015-09-06 09:15:25','2015-09-06 09:15:25');
/*!40000 ALTER TABLE `shipments` ENABLE KEYS */;
UNLOCK TABLES;
/*!40103 SET TIME_ZONE=@OLD_TIME_ZONE */;

/*!40101 SET SQL_MODE=@OLD_SQL_MODE */;
/*!40014 SET FOREIGN_KEY_CHECKS=@OLD_FOREIGN_KEY_CHECKS */;
/*!40014 SET UNIQUE_CHECKS=@OLD_UNIQUE_CHECKS */;
/*!40101 SET CHARACTER_SET_CLIENT=@OLD_CHARACTER_SET_CLIENT */;
/*!40101 SET CHARACTER_SET_RESULTS=@OLD_CHARACTER_SET_RESULTS */;
/*!40101 SET COLLATION_CONNECTION=@OLD_COLLATION_CONNECTION */;
/*!40111 SET SQL_NOTES=@OLD_SQL_NOTES */;

-- Dump completed on 2015-12-06 19:54:28
